variant_id,version,star_rating,overall_score,ap_score,vru_score,as_score,test_year
1,V7,5.0,90.2%,93.91%,83.53%,88.41%,2025
2,V7,5.0,90.8%,97.10%,79.37%,88.02%,2025
3,V7,5.0,85.0%,89.50%,78.24%,81.28%,2025
4,V7,5.0,87.3%,93.79%,74.57%,85.65%,2024
5,V7,5.0,91.8%,94.85%,85.23%,91.67%,2024
6,V7,5.0,93.5%,94.31%,90.42%,95.25%,2024
7,V7,5.0,89.4%,93.34%,79.34%,91.46%,2024
8,V7,5.0,86.4%,91.28%,76.20%,85.99%,2024
9,V7,5.0,89.2%,94.03%,77.89%,90.29%,2024
10,V7,5.0,88.6%,90.91%,82.60%,89.57%,2024
11,V7,5.0,83.9%,86.71%,73.84%,88.78%,2024
12,V7,5.0,89.5%,95.17%,73.37%,85.70%,2024
13,V7,5.0,90.5%,93.28%,85.50%,89.20%,2024
14,V7,5.0,84.9%,87.50%,78.79%,85.61%,2024
15,V6,5.0,89.9%,93.42%,67.08%,95.30%,2024
16,V6,5.0,90.0%,91.97%,73.75%,94.91%,2024
17,V6,5.0,86.9%,91.83%,68.20%,86.09%,2024
18,V6,5.0,89.8%,90.48%,78.19%,95.09%,2024
19,V6,5.0,90.2%,93.94%,69.45%,93.61%,2024
20,V6,6.0,92.7%,96.39%,75.99%,93.71%,2024
21,V6,5.0,88.9%,89.21%,80.46%,93.02%,2024
22,V6,5.0,86.6%,86.18%,69.92%,97.68%,2024
23,V6,5.0,88.8%,92.09%,85.51%,82.95%,2024
24,V6,5.0,86.2%,87.52%,68.04%,93.91%,2024
25,V6,5.0,86.2%,90.17%,66.69%,88.47%,2024
26,V6,5.0,87.9%,86.51%,83.71%,93.59%,2024
27,V6,5.0,89.3%,93.78%,71.65%,89.23%,2024
28,V6,5.0,89.1%,90.37%,79.83%,91.80%,2024
29,V6,6.0,93.9%,96.98%,75.38%,97.79%,2024
30,V6,5.0,88.6%,90.43%,73.49%,93.18%,2024
31,V6,5.0,89.1%,92.67%,75.29%,89.00%,2024
32,V6,5.0,90.2%,89.57%,89.69%,91.94%,2024
33,V6,5.0,90.7%,95.34%,65.07%,95.03%,2024
34,V6,5.0,90.0%,94.29%,73.05%,89.72%,2024
35,V6,5.0,90.2%,93.75%,68.11%,94.80%,2024
36,V6,5.0,89.0%,91.63%,69.19%,94.71%,2024
37,V6,5.0,90.8%,94.86%,70.05%,93.58%,2023
38,V6,5.0,89.9%,94.76%,68.29%,91.22%,2023
39,V6,5.0,86.6%,89.83%,67.90%,89.91%,2023
40,V6,5.0,89.6%,92.62%,67.05%,95.75%,2023
41,V6,5.0,90.0%,92.71%,80.00%,89.58%,2023
42,V6,5.0,83.2%,88.24%,73.67%,76.85%,2023
43,V6,5.0,88.3%,91.26%,69.35%,92.51%,2023
44,V6,5.0,86.3%,89.20%,77.97%,84.40%,2023
45,V6,5.0,89.9%,94.56%,77.42%,86.34%,2023
46,V6,5.0,89.1%,92.08%,71.50%,92.47%,2023
47,V6,5.0,88.8%,91.75%,75.02%,90.13%,2023
48,V6,5.0,91.3%,94.75%,73.80%,93.34%,2023
49,V6,5.0,86.3%,88.97%,73.07%,87.92%,2023
50,V6,5.0,88.1%,90.07%,80.56%,88.09%,2023
51,V6,5.0,88.8%,92.21%,72.63%,90.19%,2023
52,V6,5.0,91.3%,93.37%,75.87%,95.55%,2023
53,V6,5.0,89.0%,91.13%,72.27%,93.96%,2022
54,V6,5.0,88.1%,89.93%,88.97%,83.05%,2022
55,V6,5.0,88.60%,92.78%,75.23%,86.53%,2022
56,V6,5.0,85.00%,89.04%,70.26%,84.00%,2022
57,V6,5.0,86.80%,89.85%,72.65%,87.98%,2022
58,V6,5.0,88.6%,92.27%,66.75%,92.97%,2022
59,V6,1.0,39.9%,38.45%,61.46%,30.26%,2022
60,V6,5.0,88.20%,89.48%,74.18%,93.38%,2022
61,V6,3.0,71.3%,70.40%,59.07%,80.95%,2022
62,V6,5.0,87.3%,88.18%,77.15%,91.44%,2022
63,V6,5.0,83.3%,86.51%,67.32%,85.24%,2022
64,V6,5.0,86.1%,89.32%,73.19%,85.98%,2022
65,V6,4.0,79.5%,80.26%,69.23%,83.92%,2022
66,V6,5.0,83.1%,85.28%,77.42%,81.44%,2022
67,V6,5.0,85.7%,89.49%,76.81%,82.01%,2022
68,V5,6.0,94.6%,97.01%,81.37%,96.43%,2021
69,V5,4.0,82.4%,86.67%,68.63%,75.99%,2021
70,V5,5.0,87.8%,85.48%,86.53%,100.00%,2021
71,V5,5.0,90.5%,91.33%,77.20%,105.73%,2021
72,V5,5.0,86.8%,88.16%,67.55%,100.00%,2021
73,V5,5.0,87.3%,88.89%,70.71%,96.25%,2021
74,V5,5.0,87.8%,89.72%,72.21%,94.28%,2021
75,V5,5.0,90.7%,93.42%,73.63%,95.13%,2021
76,V5,5.0,89.9%,94.06%,70.83%,89.38%,2021
77,V5,5.0,91.5%,93.84%,72.84%,99.01%,2021
78,V5,5.0,88.2%,89.55%,69.91%,100.00%,2021
79,V5,5.0,92.4%,96.06%,70.54%,97.42%,2021
80,V5,5.0,90.3%,92.08%,74.83%,97.34%,2021
81,V5,5.0,85.3%,85.85%,70.36%,97.73%,2021
82,V5,5.0,91.9%,95.18%,72.19%,96.17%,2021
83,V5,5.0,84.7%,85.30%,68.41%,98.08%,2021
84,V5,5.0,92.3%,94.39%,75.09%,100.00%,2021
85,V5,5.0,87.0%,92.35%,70.73%,78.49%,2021
86,V5,5.0,91.9%,92.33%,82.35%,99.23%,2021
87,V5,5.0,90.6%,91.38%,80.12%,97.71%,2021
88,V5,5.0,86.4%,87.96%,65.57%,100.00%,2021
89,V5,5.0,86.8%,88.44%,66.09%,100.00%,2021
90,V5,6.0,95.7%,96.64%,87.01%,100.00%,2021
91,V5,5.0,89.4%,91.82%,68.71%,98.95%,2021
92,V5,5.0,88.3%,90.64%,65.57%,100.00%,2021
93,V5,5.0,89.4%,92.61%,65.11%,98.51%,2021
94,V5,5.0,91.5%,94.30%,69.78%,100.00%,2021
95,V5,5.0,85.8%,86.72%,73.53%,93.56%,2021
96,V5,5.0,89.3%,93.62%,67.47%,91.29%,2021
97,V5,5.0,87.8%,87.55%,77.85%,98.83%,2021
98,V5,5.0,90.0%,92.44%,71.82%,96.52%,2021
99,V5,5.0,91.0%,95.23%,65.15%,97.35%,2021
100,V5,5.0,85.9%,89.86%,69.05%,84.13%,2020
101,V5,5.0,89.0%,96.65%,75.83%,66.66%,2020
102,V5,5.0,90.5%,92.71%,79.89%,90.63%,2020
103,V5,5.0,92.2%,94.73%,72.89%,100.00%,2020
104,V5,6.0,93.0%,96.54%,75.00%,94.54%,2020
105,V5,5.0,85.0%,86.57%,67.59%,95.05%,2020
106,V5,3.0,70.2%,81.61%,60.39%,26.67%,2020
107,V5,5.0,88.5%,90.59%,73.15%,94.41%,2020
108,V5,5.0,83.4%,87.94%,78.30%,67.49%,2020
109,V5,5.0,91.8%,95.08%,72.69%,95.30%,2020
110,V5,6.0,94.3%,96.30%,84.05%,95.11%,2020
111,V5,5.0,86.7%,89.90%,68.14%,90.60%,2020
112,V5,6.0,94.1%,97.28%,78.04%,95.54%,2020
113,V5,5.0,90.8%,92.42%,74.17%,100.00%,2020
114,V5,4.0,74.4%,78.58%,56.29%,73.29%,2020
115,V5,5.0,88.1%,91.32%,67.75%,93.34%,2020
116,V5,4.0,84.9%,84.24%,76.34%,96.84%,2020
117,V5,6.0,93.6%,96.09%,75.73%,100.00%,2020
118,V5,5.0,88.6%,94.88%,80.09%,67.99%,2020
119,V5,5.0,90.5%,91.03%,78.23%,100.00%,2020
120,V5,5.0,88.4%,90.68%,69.77%,96.33%,2020
121,V5,4.0,72.3%,84.98%,58.89%,26.67%,2019
122,V5,5.0,91.4%,94.86%,72.53%,93.79%,2020
123,V5,5.0,89.2%,93.31%,65.13%,93.85%,2020
124,V5,5.0,92.2%,93.55%,83.75%,93.98%,2020
125,V5,5.0,91.3%,95.25%,68.27%,95.87%,2020
126,V5,4.0,72.2%,84.20%,61.40%,26.67%,2019
127,V5,4.0,78.1%,82.70%,64.67%,69.82%,2019
128,V5,5.0,90.4%,91.32%,81.05%,95.11%,2019
129,V5,5.0,91.8%,93.49%,78.72%,97.11%,2019
130,V5,5.0,91%,92.55%,78.65%,95.88%,2019
131,V5,5.0,88.9%,91.61%,72.69%,92.71%,2019
132,V5,5.0,85.4%,90.60%,70.83%,76.01%,2019
133,V5,2.0,51.7%,59.27%,41.09%,26.67%,2019
134,V5,5.0,89.5%,92.75%,72.29%,91.17%,2019
135,V5,2.0,52.9%,60.40%,70.73%,0.00%,2019
136,V5,5.0,84.8%,85.94%,70.90%,93.49%,2019
137,V5,5.0,89.6%,93.00%,67.80%,95.62%,2019
138,V5,5.0,84.5%,85.55%,72.41%,91.40%,2019
139,V5,5.0,91.6%,93.62%,73.81%,100.00%,2019
140,V5,5.0,89.2%,91.28%,76.93%,91.91%,2019
141,V5,4.0,72.2%,84.11%,62.18%,26.67%,2019
142,V5,6.0,93.4%,95.52%,76.68%,100.00%,2019
143,V5,5.0,89.3%,91.53%,69.89%,98.39%,2019
144,V5,5.0,87.1%,89.89%,77.79%,83.59%,2019
145,V5,5.0,92.2%,96.50%,70.34%,94.09%,2019
146,V5,5.0,91.7%,94.11%,78.32%,93.94%,2019
147,V5,5.0,88.4%,92.87%,67.79%,88.38%,2019
148,V5,5.0,83.6%,90.36%,67.45%,68.11%,2019
149,V5,5.0,86.9%,93.13%,70.00%,74.81%,2019
150,V5,5.0,87.2%,91.81%,87.03%,65.50%,2019
151,V5,5.0,94.5%,94.94%,87.01%,100.00%,2019
152,V5,2.0,58.0%,75.78%,32.92%,0.00%,2019
153,V5,4.0,72.6%,84.46%,63.26%,26.67%,2019
154,V5,5.0,91.1%,94.62%,68.33%,97.15%,2019
155,V5,6.0,95.0%,97.97%,78.59%,97.23%,2019
156,V5,5.0,83.9%,87.10%,75.18%,77.48%,2018
157,V5,2.0,63.2%,63.63%,55.41%,68.69%,2018
158,V5,5.0,87.7%,90.90%,72.63%,88.08%,2018
159,V5,4.0,74.6%,86.53%,67.17%,26.67%,2018
160,V5,5.0,86.4%,89.50%,74.63%,83.41%,2018
161,V5,4.0,72.1%,81.34%,74.47%,26.67%,2018
162,V5,5.0,86.2%,88.13%,67.43%,96.18%,2018
163,V5,2.0,57.4%,64.71%,54.09%,26.67%,2018
164,V5,5.0,88.1%,90.31%,75.27%,90.73%,2018
165,V5,5.0,86.9%,93.11%,67.82%,76.77%,2018
166,V5,5.0,87.5%,89.69%,70.59%,94.32%,2018
167,V5,4.0,77.0%,82.69%,63.78%,63.65%,2018
168,V5,2.0,52.9%,66.26%,43.40%,0.00%,2018
169,V5,2.0,58.9%,72.49%,54.37%,0.00%,2018
170,V4,5.0,56.300,56.310,,,2018
171,V4,5.0,56.800,56.800,,,2018
172,V4,5.0,56.600,56.600,,,2018
173,V4,5.0,55.200,55.230,,,2018
174,V4,5.0,55.700,55.730,,,2018
175,V4,5.0,55.200,55.240,,,2018
176,V4,4.0,53.400,53.410,,,2018
177,V4,5.0,57.500,57.530,,,2018
178,V4,4.0,51.100,51.090,,,2018
179,V4,5.0,56.600,56.580,,,2018
180,V4,5.0,56.400,55.750,,,2018
191,V4,4.0,49.700,49.680,,,2018
182,V4,5.0,54.200,54.150,,,2018
183,V4,5.0,58.900,58.860,,,2018
184,V4,5.0,58.000,58.000,,,2018
185,V4,5.0,56.800,56.800,,,2018
186,V4,5.0,58.600,58.630,,,2018
187,V4,5.0,58.100,58.080,,,2018
188,V4,5.0,59.400,59.380,,,2018
189,V4,6.0,60.100,60.050,,,2018
190,V4,5.0,56.900,56.850,,,2018
192,V4,5.0,57.900,57.910,,,2018
193,V4,5.0,55.400,55.370,,,2018
194,V4,5.0,54.200,54.200,,,2017
195,V4,5.0,57.600,57.600,,,2017
196,V4,5.0,54.000,53.970,,,2017
197,V4,5.0,55.200,55.170,,,2017
204,V4,4.0,53.900,53.860,,,2017
201,V4,5.0,54.100,54.140,,,2017
200,V4,5.0,57.600,57.580,,,2017
202,V4,5.0,55.400,55.350,,,2017
203,V4,5.0,57.300,57.340,,,2017
205,V4,5.0,55.900,55.860,,,2017
206,V4,4.0,53.800,53.760,,,2017
207,V4,5.0,54.800,54.770,,,2017
208,V4,5.0,58.300,58.250,,,2017
209,V4,5.0,57.300,57.270,,,2017
210,V4,5.0,56.800,56.820,,,2017
211,V4,5.0,56.400,56.360,,,2017
212,V4,4.0,48.300,48.280,,,2017
213,V4,3.0,39.700,39.650,,,2017
214,V4,5.0,54.200,54.180,,,2017
215,V4,5.0,56.700,56.740,,,2017
216,V4,4.0,49.900,49.850,,,2017
223,V4,5.0,54.100,54.090,,,2017
218,V4,4.0,52.300,52.250,,,2017
219,V4,5.0,58.500,58.470,,,2017
220,V4,3.0,47.400,47.360,,,2017
221,V4,5.0,54.600,54.610,,,2017
222,V4,4.0,53.700,53.670,,,2017
224,V4,4.0,52.700,52.680,,,2017
225,V4,5.0,57.400,57.420,,,2017
226,V4,5.0,55.800,55.770,,,2017
231,V4,5.0,55.500,55.530,,,2017
228,V4,5.0,58.200,58.230,,,2017
229,V4,5.0,56.900,56.860,,,2017
232,V4,5.0,56.100,56.070,,,2017
233,V4,5.0,54.400,54.380,,,2017
234,V4,5.0,57.600,57.640,,,2016
235,V4,5.0,56.700,56.660,,,2016
236,V4,5.0,56.200,56.240,,,2016
242,V4,5.0,56.300,56.290,,,2016
238,V4,4.0,53.100,53.110,,,2016
239,V4,5.0,56.400,56.430,,,2016
240,V4,5.0,54.800,54.780,,,2016
241,V4,5.0,56.200,56.210,,,2016
243,V4,5.0,55.300,55.270,,,2016
244,V4,3.0,39.200,39.170,,,2016
245,V4,4.0,50.700,50.660,,,2016
246,V4,4.0,50.900,50.860,,,2016
247,V4,5.0,58.200,58.170,,,2016
248,V4,5.0,56.100,56.050,,,2016
249,V4,5.0,56.600,56.630,,,2016
250,V4,5.0,55.400,55.410,,,2016
251,V4,2.0,30.700,30.650,,,2016
252,V4,5.0,55.700,55.730,,,2016
253,V4,5.0,58.000,58.020,,,2016
254,V4,5.0,57.300,57.260,,,2016
255,V4,3.0,43.400,43.370,,,2016
256,V4,5.0,56.100,56.060,,,2016
257,V4,5.0,55.200,55.240,,,2016
258,V4,5.0,57.000,57.000,,,2016
259,V4,5.0,56.500,56.510,,,2016
260,V4,4.0,56.900,56.930,,,2016
261,V4,5.0,55.100,55.060,,,2016
262,V4,5.0,55.800,55.750,,,2016
263,V4,5.0,58.200,58.230,,,2016
264,V4,1.0,21.600,21.580,,,2016
265,V4,5.0,54.500,54.520,,,2016
266,V4,5.0,55.500,55.450,,,2016
267,V4,5.0,55.400,55.440,,,2015
268,V4,5.0,57.300,57.330,,,2015
269,V4,3.0,38.000,37.990,,,2015
270,V4,5.0,54.900,54.860,,,2015
271,V4,5.0,55.800,55.780,,,2015
272,V4,4.0,53.100,53.060,,,2015
273,V4,5.0,54.900,54.870,,,2015
274,V4,5.0,55.700,55.740,,,2015
275,V4,3.0,44.400,44.410,,,2015
276,V4,4.0,50.200,50.190,,,2015
277,V4,4.0,53.700,53.710,,,2015
278,V4,4.0,50.000,50.010,,,2015
279,V4,5.0,55.900,55.910,,,2015
280,V4,3.0,40.300,40.270,,,2015
281,V4,5.0,55.100,55.080,,,2015
282,V4,5.0,54.400,54.410,,,2015
283,V3,5.0,54.000,57.730,,,2015
284,V3,5.0,57.200,60.270,,,2015
285,V3,5.0,54.400,58.170,,,2015
286,V3,5.0,55.700,58.800,,,2015
287,V3,5.0,55.500,59.200,,,2015
288,V3,5.0,56.000,59.080,,,2015
289,V3,5.0,52.500,56.350,,,2015
290,V3,5.0,54.100,57.670,,,2015
291,V3,5.0,57.600,60.890,,,2015
292,V3,5.0,57.000,60.570,,,2015
293,V3,5.0,55.500,58.630,,,2015
294,V3,5.0,54.700,58.320,,,2015
295,V3,5.0,52.200,55.910,,,2015
296,V3,5.0,55.100,58.950,,,2015
297,V3,5.0,54.700,58.330,,,2015
298,V3,5.0,57.000,60.310,,,2015
299,V3,6.0,60.700,64.530,,,2015
300,V3,5.0,57.300,60.760,,,2015
301,V3,5.0,59.200,62.270,,,2015
302,V3,5.0,56.600,59.800,,,2015
303,V3,6.0,60.500,63.870,,,2015
304,V3,5.0,52.400,55.540,,,2015
305,V3,5.0,58.200,61.200,,,2015
306,V3,5.0,56.600,59.790,,,2015
307,V3,5.0,55.400,58.600,,,2015
308,V3,5.0,59.600,63.130,,,2015
309,V3,5.0,58.700,62.090,,,2015
310,V3,3.0,40.300,43.960,,,2015
311,V3,5.0,52.900,56.180,,,2015
312,V3,5.0,55.700,59.030,,,2015
313,V3,5.0,54.000,56.990,,,2015
314,V3,5.0,55.200,58.260,,,2015
315,V3,5.0,54.200,57.310,,,2015
316,V3,5.0,55.000,58.730,,,2015
317,V3,5.0,58.400,61.900,,,2014
318,V3,5.0,54.900,58.000,,,2014
319,V3,5.0,55.000,58.580,,,2014
320,V3,5.0,55.400,58.450,,,2014
321,V3,5.0,53.600,57.190,,,2014
322,V3,5.0,55.400,58.740,,,2014
323,V3,5.0,56.700,60.070,,,2014
324,V3,5.0,59.000,62.770,,,2014
325,V3,5.0,52.200,55.360,,,2014
326,V3,5.0,57.100,60.200,,,2014
327,V3,5.0,53.100,56.370,,,2014
328,V3,5.0,54.000,57.570,,,2014
329,V3,5.0,56.100,59.390,,,2014
330,V3,5.0,55.100,58.160,,,2014
331,V3,5.0,54.500,58.320,,,2014
332,V3,5.0,55.500,58.730,,,2014
333,V3,4.0,49.400,52.450,,,2014
334,V3,5.0,57.000,60.060,,,2014
335,V3,5.0,53.500,56.590,,,2014
336,V3,5.0,54.800,57.870,,,2014
337,V3,5.0,53.600,57.170,,,2014
338,V3,4.0,51.200,54.640,,,2014
339,V3,5.0,55.700,58.800,,,2014
340,V3,5.0,56.100,59.640,,,2014
341,V3,5.0,56.800,60.460,,,2014
342,V3,5.0,55.900,59.310,,,2014
343,V3,5.0,54.900,58.050,,,2014
344,V3,5.0,57.000,60.930,,,2014
345,V3,5.0,53.300,56.730,,,2014
346,V3,5.0,55.600,59.020,,,2014
347,V3,4.0,46.100,49.460,,,2014
348,V3,5.0,56.400,59.760,,,2014
349,V3,5.0,52.800,56.710,,,2014
350,V3,5.0,57.300,60.750,,,2014
351,V3,5.0,54.500,57.780,,,2014
352,V3,5.0,55.200,58.420,,,2014
353,V3,5.0,55.800,58.980,,,2014
354,V3,5.0,56.200,60.130,,,2014
355,V3,5.0,53.600,56.710,,,2014
356,V3,5.0,54.700,57.950,,,2014
357,V3,5.0,56.600,60.320,,,2013
358,V3,4.0,51.200,54.330,,,2013
359,V3,5.0,58.200,61.840,,,2013
360,V3,5.0,58.000,61.420,,,2013
361,V3,5.0,58.100,61.380,,,2013
362,V3,5.0,52.400,55.390,,,2013
363,V3,5.0,58.900,62.300,,,2013
364,V3,5.0,57.100,60.590,,,2013
365,V3,5.0,53.200,56.240,,,2013
366,V3,5.0,53.200,56.430,,,2013
367,V3,4.0,47.300,50.950,,,2013
368,V3,5.0,56.300,59.480,,,2013
369,V3,5.0,57.400,61.140,,,2013
370,V3,5.0,56.500,59.590,,,2013
371,V3,5.0,55.900,59.200,,,2013
372,V3,5.0,56.800,60.750,,,2013
373,V3,5.0,52.400,55.420,,,2013
374,V3,5.0,52.800,56.080,,,2013
375,V3,4.0,51.000,54.020,,,2013
376,V3,4.0,45.000,48.250,,,2013
377,V3,4.0,44.400,47.630,,,2013
378,V3,5.0,55.100,58.780,,,2013
379,V3,5.0,56.200,59.410,,,2013
380,V3,5.0,56.100,59.460,,,2013
381,V3,5.0,52.700,56.280,,,2013
382,V3,5.0,54.000,57.060,,,2013
383,V3,5.0,57.000,60.390,,,2013
384,V3,5.0,56.500,59.640,,,2013
385,V3,5.0,54.800,57.870,,,2013
386,V3,5.0,55.500,58.700,,,2013
387,V3,5.0,53.800,57.230,,,2013
388,V3,5.0,52.200,55.450,,,2013
389,V3,3.0,42.300,45.900,,,2013
390,V3,5.0,54.200,57.220,,,2013
391,V3,4.0,47.400,50.440,,,2013
392,V3,2.0,30.500,34.080,,,2013
393,V3,5.0,55.400,58.770,,,2013
394,V3,4.0,51.800,54.800,,,2013
395,V3,5.0,56.400,59.550,,,2012
396,V3,4.0,49.000,52.280,,,2012
397,V3,5.0,52.500,55.820,,,2012
398,V3,5.0,52.700,56.550,,,2012
399,V3,5.0,52.800,55.830,,,2012
400,V3,4.0,48.400,51.470,,,2012
401,V3,2.0,35.700,39.440,,,2012
402,V3,3.0,41.100,44.710,,,2012
403,V3,5.0,52.900,56.030,,,2012
404,V3,2.0,28.300,32.150,,,2012
405,V3,5.0,57.000,60.690,,,2012
406,V3,4.0,44.300,47.500,,,2012
407,V2,4.0,40.700,40.740,,,2012
408,V2,6.0,50.300,50.300,,,2012
409,V2,6.0,50.200,50.200,,,2012
410,V2,4.0,44.600,44.620,,,2012
411,V2,5.0,47.700,47.710,,,2012
412,V2,5.0,49.100,49.110,,,2012
413,V2,5.0,48.300,48.320,,,2012
414,V2,5.0,46.500,46.540,,,2012
415,V2,5.0,46.800,46.820,,,2012
416,V2,5.0,47.000,47.020,,,2012
417,V2,4.0,40.800,40.760,,,2012
418,V2,3.0,32.900,32.940,,,2012
419,V2,5.0,45.300,45.280,,,2012
420,V2,4.0,41.000,40.970,,,2012
421,V2,5.0,47.000,46.980,,,2012
422,V2,5.0,45.100,45.090,,,2012
423,V2,5.0,45.300,45.280,,,2012
424,V2,5.0,45.800,45.840,,,2012
425,V2,6.0,50.300,50.340,,,2012
426,V2,4.0,43.900,43.940,,,2012
427,V2,5.0,47.400,47.380,,,2012
428,V2,5.0,46.500,46.450,,,2012
429,V2,5.0,45.200,45.180,,,2012
430,V2,5.0,47.700,47.700,,,2012
431,V2,5.0,47.600,47.560,,,2012
432,V2,5.0,46.000,46.000,,,2011
433,V2,5.0,48.300,48.280,,,2011
434,V2,6.0,50.700,50.650,,,2011
435,V2,3.0,31.200,31.240,,,2011
436,V2,4.0,41.700,41.690,,,2011
437,V2,5.0,46.000,45.970,,,2011
438,V2,5.0,48.600,48.600,,,2011
439,V2,5.0,49.600,49.630,,,2011
440,V2,5.0,48.900,48.860,,,2011
441,V2,5.0,47.700,47.650,,,2011
442,V2,5.0,49.000,48.980,,,2011
443,V2,3.0,35.800,35.840,,,2011
444,V2,4.0,40.400,40.410,,,2011
445,V2,4.0,40.200,40.230,,,2011
446,V2,5.0,45.400,45.360,,,2011
447,V2,6.0,50.700,50.670,,,2011
448,V2,5.0,47.100,47.100,,,2011
449,V2,5.0,46.300,46.260,,,2011
450,V2,4.0,40.500,40.510,,,2011
451,V2,4.0,42.900,42.880,,,2011
452,V2,3.0,36.000,35.980,,,2011
453,V2,4.0,41.900,41.940,,,2011
454,V2,4.0,42.800,42.840,,,2011
455,V2,5.0,47.800,47.770,,,2011
456,V2,5.0,48.800,48.820,,,2011
457,V2,5.0,46.400,46.350,,,2011
458,V2,4.0,43.800,43.810,,,2011
459,V2,5.0,47.400,47.380,,,2011
460,V2,5.0,47.000,46.970,,,2011
461,V2,5.0,46.800,46.820,,,2010
462,V2,5.0,45.500,45.470,,,2010
463,V2,5.0,47.300,47.320,,,2010
464,V2,3.0,30.400,30.380,,,2010
465,V2,3.0,31.100,31.050,,,2010
466,V2,5.0,48.200,48.170,,,2010
467,V2,5.0,47.100,47.120,,,2010
468,V2,5.0,47.900,47.910,,,2010
469,V2,3.0,35.900,35.910,,,2010
470,V2,3.0,36.100,36.110,,,2010
471,V2,3.0,33.400,33.410,,,2010
472,V2,3.0,31.700,31.710,,,2010
473,V2,3.0,34.400,34.390,,,2010
474,V2,3.0,30.700,30.740,,,2010
475,V2,5.0,45.200,45.240,,,2010
476,V2,5.0,48.200,48.180,,,2010
477,V2,4.0,41.800,41.830,,,2010
478,V2,4.0,42.400,42.400,,,2010
479,V2,4.0,40.300,40.270,,,2010
480,V2,5.0,46.500,46.530,,,2010
481,V2,5.0,45.900,45.900,,,2010
482,V2,5.0,46.600,46.580,,,2010
483,V2,5.0,49.700,49.680,,,2010
484,V2,5.0,47.900,47.940,,,2010
485,V2,4.0,43.100,43.110,,,2010
486,V2,3.0,32.900,32.890,,,2010
487,V2,5.0,48.100,48.110,,,2010
488,V2,5.0,46.200,46.200,,,2010
489,V2,4.0,43.900,43.940,,,2010
490,V2,3.0,34.500,34.470,,,2010
491,V1,5.0,48.900,48.870,,,2009
492,V1,5.0,46.800,46.810,,,2009
493,V1,5.0,45.300,45.260,,,2009
494,V1,5.0,48.800,48.770,,,2009
495,V1,5.0,45.400,45.360,,,2009
496,V1,4.0,42.200,42.210,,,2009
497,V1,4.0,41.000,40.950,,,2009
498,V1,2.0,22.200,22.200,,,2009
499,V1,5.0,45.500,45.470,,,2009
500,V1,4.0,42.900,42.930,,,2009
501,V1,3.0,38.900,38.900,,,2009
502,V1,5.0,48.000,47.950,,,2009
503,V1,5.0,47.200,47.170,,,2009
504,V1,5.0,47.000,47.030,,,2009
505,V1,4.0,40.400,40.440,,,2009
506,V1,3.0,32.700,32.660,,,2009
507,V1,4.0,41.600,41.560,,,2009
508,V1,5.0,47.200,47.230,,,2009
509,V1,5.0,45.600,45.620,,,2009
510,V1,5.0,46.400,46.400,,,2009
511,V1,4.0,44.800,44.810,,,2009
512,V1,4.0,40.100,40.110,,,2009
513,V1,3.0,35.400,35.360,,,2009
514,V1,5.0,45.500,45.490,,,2008
515,V1,4.0,42.700,42.730,,,2008
516,V1,5.0,45.300,45.250,,,2008
517,V1,3.0,32.200,32.160,,,2008
518,V1,5.0,47.200,47.230,,,2008
519,V1,3.0,30.500,30.520,,,2008
520,V1,5.0,47.800,47.810,,,2008
521,V1,5.0,47.900,47.900,,,2008
522,V1,5.0,47.500,47.470,,,2008
523,V1,5.0,47.400,47.410,,,2008
524,V1,5.0,47.100,47.050,,,2008
525,V1,2.0,19.500,19.450,,,2008
526,V1,4.0,41.100,41.140,,,2008
527,V1,3.0,30.600,30.580,,,2008
528,V1,5.0,46.600,46.610,,,2008
529,V1,2.0,16.000,16.000,,,2008
530,V1,4.0,42.200,42.230,,,2008
531,V1,5.0,48.200,48.230,,,2008
532,V1,3.0,32.400,32.410,,,2008
533,V1,4.0,40.500,40.510,,,2008
534,V1,3.0,37.100,37.090,,,2008
535,V1,4.0,42.600,42.560,,,2008
536,V1,6.0,50.300,50.290,,,2008
537,V1,3.0,34.100,34.130,,,2008
538,V1,4.0,43.200,43.170,,,2008
539,V1,5.0,48.600,48.600,,,2008
540,V1,3.0,32.400,32.430,,,2008
541,V1,5.0,46.600,46.630,,,2008
542,V1,3.0,36.000,36.030,,,2007
543,V1,2.0,22.900,22.940,,,2007
544,V1,2.0,18.600,18.560,,,2007
545,V1,6.0,50.600,50.550,,,2007
546,V1,4.0,40.100,40.140,,,2007
547,V1,3.0,30.700,30.710,,,2007
548,V1,3.0,31.000,31.040,,,2007
549,V1,5.0,48.100,48.080,,,2007
550,V1,5.0,48.800,48.750,,,2007
551,V1,3.0,34.300,34.340,,,2007
552,V1,2.0,26.100,26.120,,,2007
553,V1,5.0,45.300,45.280,,,2007
554,V1,5.0,47.600,47.610,,,2007
555,V1,5.0,47.400,47.360,,,2007
556,V1,4.0,40.200,40.230,,,2007
557,V1,5.0,47.100,47.090,,,2007
558,V1,2.0,27.200,27.190,,,2007
559,V1,3.0,33.100,33.080,,,2007
560,V1,5.0,45.400,45.380,,,2007
561,V1,4.0,44.500,44.540,,,2007
562,V1,3.0,32.300,32.320,,,2007
563,V1,3.0,32.300,32.300,,,2007
564,V1,5.0,47.300,47.250,,,2007
565,V1,3.0,31.200,31.170,,,2007
566,V1,3.0,37.100,37.130,,,2007
567,V1,4.0,41.100,41.050,,,2006
568,V1,3.0,34.000,33.980,,,2006
569,V1,3.0,37.600,37.560,,,2006
570,V1,2.0,28.600,28.640,,,2006
571,V1,4.0,44.600,44.620,,,2006
572,V1,5.0,47.700,47.670,,,2006
573,V1,4.0,40.300,40.260,,,2006
574,V1,4.0,40.200,40.190,,,2006
575,V1,4.0,41.300,41.260,,,2006
576,V1,4.0,44.000,44.010,,,2006
577,V1,4.0,40.800,40.840,,,2006
578,V1,3.0,32.900,32.860,,,2006
