variant_id,version,airbag_supplier,belt_grade_row1,belt_grade_row2,belt_supplier,cfg_active_bonnet,cfg_adb,cfg_aeb_c2c,cfg_aeb_ped,cfg_aeb_tw,cfg_belt_loadlimiter,cfg_belt_pretensioner,cfg_belt_reminder_driver,cfg_belt_reminder_passenger,cfg_bsd,cfg_center_airbag,cfg_curtain_airbag,cfg_dms,cfg_dow,cfg_ecall,cfg_elk,cfg_esc,cfg_front_airbag,cfg_isls,cfg_isofix,cfg_knee_airbag,cfg_ldw,cfg_lka,cfg_rcta,cfg_sas,cfg_seat_monitor,cfg_side_airbag,cfg_tsr,curb_weight_kg,displacement_ml,feature_source,gross_weight_kg,headrest_type,height_mm,length_mm,price_10k,seat_model,seat_supplier,side_airbag_supplier,test_year,vehicle_class_raw,width_mm
1,V7,,,,,,,,,,1,1,1,,1,1,1,1,1,,1,,1,1,1,0,1,1,1,,1,1,0,2161.0,,late_seat_matrix,,,1610.0,4663.0,22.99,,,,2025,SUV,1860.0
2,V7,,,,,,,,,,1,1,1,,1,1,1,1,1,,1,,1,1,1,0,1,1,1,,1,1,1,1962.0,,late_seat_matrix,,,1485.0,4921.0,16.98,,,,2025,轿车,1890.0
3,V7,,,,,,,,,,1,1,1,,1,1,1,1,1,,1,,1,1,1,0,1,1,1,,1,1,0,,,late_seat_matrix,,,,,,,,,2025,SUV,
4,V7,,,,,,,,,,1,1,1,,1,1,1,1,1,,1,,1,1,1,0,1,1,1,,1,1,1,2210.0,,late_seat_matrix,,,1620.0,4830.0,19.98,,,,2024,SUV,1925.0
5,V7,,,,,,,,,,1,1,1,,1,1,1,1,1,,1,,1,1,1,0,1,1,1,,1,1,0,2739.0,,late_seat_matrix,,,1755.0,4688.0,29.99,,,,2024,MPV,1995.0
6,V7,,,,,,,,,,1,1,1,,1,1,1,1,1,,1,,1,1,1,0,1,1,1,,1,1,1,2205.0,,late_seat_matrix,,,1440.0,4997.0,29.99,,,,2024,轿车,1963.0
7,V7,,,,,,,,,,1,1,1,,1,1,1,1,1,,1,,1,1,1,0,1,1,1,,1,1,1,2246.0,,late_seat_matrix,,,1486.0,5160.0,39.98,,,,2024,轿车,1987.0
8,V7,,,,,,,,,,1,1,1,,1,1,1,1,1,,1,,1,1,1,0,1,1,1,,1,1,1,2215.0,,late_seat_matrix,,,1698.0,4955.0,22.98,,,,2024,SUV,1975.0
9,V7,,,,,,,,,,1,1,1,,1,1,1,1,1,,0,,1,1,1,0,1,1,0,,1,1,1,1885.0,,late_seat_matrix,,,1616.0,4828.0,20.69,,,,2024,SUV,1930.0
10,V7,,,,,,,,,,1,1,1,,1,1,1,1,1,,1,,1,1,1,0,1,1,1,,1,1,1,,,late_seat_matrix,,,,,,,,,2024,轿车,
11,V7,,,,,,,,,,1,1,1,,1,1,1,1,1,,1,,1,1,1,0,1,1,1,,1,1,1,2278.0,,late_seat_matrix,,,1665.0,5045.0,22.99,,,,2024,SUV,1996.0
12,V7,,,,,0,1,1,1,1,1,1,1,,1,0,1,,,1,,1,1,,1,0,1,1,,1,1,1,,2634.0,2993.0,late_seat_matrix,,,1924.0,5440.0,30.18,,,,2024,多用途货车,1991.0
13,V7,,,,,,,,,,1,1,1,,1,1,1,1,1,,1,,1,1,1,0,1,1,1,,1,1,1,2345.0,1496.0,late_seat_matrix,,,1735.0,4925.0,27.98,,,,2024,SUV,1960.0
14,V7,,,,,,,,,,1,1,1,,1,1,1,1,1,,1,,1,1,1,0,1,1,1,,1,1,0,1700.0,1984.0,late_seat_matrix,,,1682.0,4735.0,24.68,,,,2024,SUV,1859.0
15,V6,,,,,0,1,1,1,1,1,1,1,,1,0,1,,,1,,1,1,,1,0,1,1,,1,1,1,,2010.0,,late_seat_matrix,,,1474.0,4917.0,26.98,,,,2024,中大型,1963.0
16,V6,,,,,0,0,1,1,1,1,1,1,,1,0,1,,,1,,1,1,,1,0,1,1,,1,1,1,,2960.0,,late_seat_matrix,,,1940.0,5316.0,43.99,,,,2024,MPV,1998.0
17,V6,,,,,0,0,1,1,1,1,1,1,,1,0,1,,,1,,1,1,,1,0,1,1,,1,1,1,,2730.0,,late_seat_matrix,,,1900.0,5045.0,37.58,,,,2024,MPV,1960.0
18,V6,,,,,0,1,1,1,1,1,1,1,,1,0,1,,,1,,1,1,,1,0,1,1,,1,1,1,,2830.0,,late_seat_matrix,,,1856.0,5209.0,50.0,,,,2024,MPV,2024.0
19,V6,,,,,0,0,1,1,1,1,1,1,,1,0,1,,,1,,1,1,,1,0,1,1,,1,1,1,,1949.0,,late_seat_matrix,,,1680.0,4739.0,14.88,,,,2024,SUV,1900.0
20,V6,,,,,0,0,1,1,1,1,1,1,,1,0,1,,,1,,1,1,,1,0,1,1,,1,1,1,,1975.0,,late_seat_matrix,,,1650.0,4690.0,19.98,,,,2024,SUV,1936.0
21,V6,,,,,0,0,1,1,1,1,1,1,,1,1,1,,,1,,1,1,,1,1,1,1,,1,1,1,,,,late_seat_matrix,,,,,,,,,2024,轿车,
22,V6,,,,,0,0,1,1,1,1,1,1,,1,0,1,,,1,,1,1,,1,0,1,1,,1,1,1,,2555.0,,late_seat_matrix,,,1785.0,5293.0,39.98,,,,2024,MPV,1988.0
23,V6,,,,,1,0,1,1,1,1,1,1,,1,0,1,,,1,,1,1,,1,1,1,1,,1,1,1,,1517.0,1498.0,late_seat_matrix,,,1449.0,4979.0,19.18,,,,2024,轿车,1862.0
24,V6,,,,,0,0,1,1,1,1,1,1,,1,0,1,,,1,,1,1,,1,0,1,1,,1,1,1,,1960.0,,late_seat_matrix,,,1489.0,4945.0,26.98,,,,2024,轿车,1978.0
25,V6,,,,,0,0,1,1,1,1,1,1,,1,0,1,,,1,,1,1,,1,0,1,1,,1,1,1,,2660.0,1496.0,late_seat_matrix,,,1869.0,5295.0,34.99,,,,2024,SUV,1980.0
26,V6,,,,,0,0,1,1,1,1,1,1,,1,0,1,,,0,,1,1,,1,1,1,1,,1,1,1,,1978.0,1995.0,late_seat_matrix,,,1717.0,4908.0,34.88,,,,2024,SUV,1952.0
27,V6,,,,,0,0,1,1,1,1,1,1,,1,0,1,,,1,,1,1,,1,0,1,1,,1,1,1,,1767.0,,late_seat_matrix,,,1468.0,4880.0,16.66,,,,2024,轿车,1895.0
28,V6,,,,,0,1,1,1,1,1,1,1,,1,0,1,,,1,,1,1,,1,0,1,1,,1,1,1,,2210.0,,late_seat_matrix,,,1611.0,4853.0,21.99,,,,2024,SUV,1990.0
29,V6,,,,,0,1,1,1,1,1,1,1,,1,1,1,,,1,,1,1,,1,0,1,1,,1,1,1,,2560.0,,late_seat_matrix,,,1800.0,5230.0,50.98,,,,2024,SUV,1999.0
30,V6,,,,,0,1,1,1,1,1,1,1,,1,0,1,,,1,,1,1,,1,1,1,1,,1,1,1,,2300.0,1998.0,late_seat_matrix,,,1867.0,5230.0,52.99,,,,2024,MPV,1980.0
31,V6,,,,,0,1,1,1,1,1,1,1,,1,0,1,,,1,,1,1,,1,0,1,1,,1,1,1,,2070.0,1998.0,late_seat_matrix,,,1845.0,5280.0,22.99,,,,2024,MPV,1998.0
32,V6,,,,,1,1,1,1,1,1,1,1,,1,1,1,,,1,,1,1,,1,0,1,1,,1,1,1,,2209.0,,late_seat_matrix,,,1518.0,5175.0,43.99,,,,2024,轿车,1900.0
33,V6,,,,,0,0,1,1,1,1,1,1,,1,0,1,,,1,,1,1,,1,0,1,1,,1,1,1,,2150.0,,late_seat_matrix,,,1669.0,4904.0,22.99,,,,2024,中大型SUV,1988.0
34,V6,,,,,0,1,1,1,1,1,1,1,,1,0,1,,,1,,1,1,,1,0,1,1,,1,1,1,,2090.0,2261.0,late_seat_matrix,,,1880.0,5370.0,18.98,,,,2024,皮卡,1918.0
35,V6,,,,,0,1,1,1,1,1,1,1,,1,0,1,,,1,,1,1,,1,0,1,1,,1,1,1,,2280.0,,late_seat_matrix,,,1601.0,4880.0,32.5,,,,2024,中大型SUV,1970.0
36,V6,,,,,0,1,1,1,1,1,1,1,,1,0,1,,,1,,1,1,,1,0,1,1,,1,1,1,,1755.0,,late_seat_matrix,,,1480.0,4905.0,17.99,,,,2024,中大型轿车,1910.0
37,V6,,,,,0,1,1,1,1,1,1,1,,1,0,1,,,1,,1,1,,1,0,1,1,,1,1,1,,2142.0,,late_seat_matrix,,,1494.0,5000.0,22.99,,,,2023,中大型轿车,1953.0
38,V6,,,,,0,0,1,1,1,1,1,1,,1,0,1,,,1,,1,1,,1,0,1,1,,0,1,1,,1820.0,,late_seat_matrix,,,1449.0,4886.0,21.99,,,,2023,A级轿车,1885.0
39,V6,,,,,0,1,1,1,1,1,1,1,,1,0,1,,,1,,1,1,,1,0,1,1,,0,1,1,,1445.0,,late_seat_matrix,,,1560.0,4025.0,12.79,,,,2023,小型车,1760.0
40,V6,,,,,0,1,1,1,1,1,1,1,,1,0,1,,,1,,1,1,,1,0,1,1,,1,1,1,,2205.0,,late_seat_matrix,,,1680.0,4891.0,0.0,,,,2023,大型SUV,1937.0
41,V6,,,,,0,1,1,1,1,1,1,1,,0,0,1,,,1,,1,1,,1,0,1,1,,1,1,1,,1890.0,1499.0,late_seat_matrix,,,1685.0,4700.0,16.37,,,,2023,紧凑型SUV,1905.0
42,V6,,,,,0,1,1,1,1,1,1,1,,1,0,1,,,1,,1,1,,1,0,1,1,,1,1,1,,1464.0,1999.0,late_seat_matrix,,,1685.0,4475.0,13.98,,,,2023,紧凑型SUV,1850.0
43,V6,,,,,0,1,1,1,1,1,1,1,,1,0,1,,,1,,1,1,,1,0,1,1,,1,1,1,,1950.0,,late_seat_matrix,,,1625.0,4750.0,18.99,,,,2023,中型SUV,1930.0
44,V6,,,,,,,,,,,,,,,,,,,,,,,,,,,,,,,,,2106.0,,meta_only,,,1658.0,4603.0,28.48,,,,2023,紧凑型SUV,1900.0
45,V6,,,,,,,,,,,,,,,,,,,,,,,,,,,,,,,,,2280.0,,meta_only,,,1680.0,4876.0,29.3888,,,,2023,中大型SUV,1848.0
46,V6,,,,,,,,,,,,,,,,,,,,,,,,,,,,,,,,,1550.0,1498.0,meta_only,,,1680.0,4620.0,13.19,,,,2023,紧凑型SUV,1886.0
47,V6,,,,,0,1,1,1,1,1,1,1,,1,0,1,,,1,,1,1,,1,0,1,1,,1,1,1,,1800.0,,late_seat_matrix,,,1636.0,4270.0,24.5,,,,2023,小型SUV,1822.0
48,V6,,,,,1,1,1,1,1,1,1,1,,1,0,1,,,1,,1,1,,1,0,1,1,,1,1,1,,2290.0,,late_seat_matrix,,,1485.0,5098.0,36.88,,,,2023,中大型轿车,1960.0
49,V6,,,,,0,0,1,1,1,1,1,1,,1,0,1,,,1,,1,1,,1,0,1,1,,1,1,1,,2540.0,1476.0,late_seat_matrix,,,1820.0,5315.0,38.99,,,,2023,MPV,1985.0
50,V6,,,,,0,0,1,1,1,1,1,1,,1,0,1,,,1,,1,1,,1,1,1,1,,1,1,1,,,,late_seat_matrix,,,,,,,,,2023,紧凑型SUV,
51,V6,,,,,0,1,1,1,1,1,1,1,,1,0,1,,,1,,1,1,,1,0,1,1,,0,1,1,,2535.0,,late_seat_matrix,,,1637.0,5003.0,43.97,,,,2023,中大型SUV,1977.0
52,V6,,,,,0,1,1,1,1,1,1,1,,1,0,1,,,1,,1,1,,1,0,1,1,,0,1,1,,2520.0,1496.0,late_seat_matrix,,,1800.0,5218.0,45.98,,,,2023,中大型SUV,1998.0
53,V6,,,,,0,1,1,1,1,1,1,1,,1,0,1,,,1,,1,1,,1,0,1,1,,1,1,1,,2115.0,,late_seat_matrix,,,1599.0,4980.0,42.99,,,,2022,中大型轿车,1960.0
54,V6,,,,,1,1,1,1,1,1,1,1,,1,0,1,,,0,,1,1,,1,0,1,1,,1,1,1,,1644.0,1999.0,late_seat_matrix,,,1485.0,4982.0,29.99,,,,2022,中大型轿车,1865.0
55,V6,,,,,0,0,1,1,1,1,1,1,,0,0,1,,,1,,1,1,,1,0,1,1,,1,1,1,,1635.0,1496.0,late_seat_matrix,,,1664.0,4655.0,12.79,,,,2022,紧凑型SUV,1890.0
56,V6,,,,,0,1,1,1,1,1,1,1,,1,0,1,,,1,,1,1,,1,0,1,1,,1,1,1,,,,late_seat_matrix,,,,,,,,,2022,紧凑型SUV,
57,V6,,,,,0,0,1,1,1,1,1,1,,1,0,1,,,1,,1,1,,1,0,1,1,,1,1,1,,1630.0,1490.0,late_seat_matrix,,,1706.0,4630.0,15.55,,,,2022,中大型SUV,1935.0
58,V6,,,,,0,1,1,1,1,1,1,1,,1,0,1,,,1,,1,1,,1,1,1,1,,1,1,1,,2015.0,,late_seat_matrix,,,1460.0,4800.0,26.28,,,,2022,中大型轿车,1875.0
59,V6,,,,,0,0,1,1,1,1,1,1,,0,0,1,,,0,,1,1,,1,0,1,1,,1,1,1,,1920.0,,late_seat_matrix,,,1696.0,4698.0,20.58,,,,2022,中大型SUV,1908.0
60,V6,,,,,0,0,1,1,1,1,1,1,,1,0,1,,,1,,1,1,,1,1,1,1,,1,1,1,,,,late_seat_matrix,,,,,,,,,2022,中大型轿车,
61,V6,,,,,0,0,1,1,1,1,1,1,,0,0,1,,,1,,1,1,,1,0,1,1,,1,1,1,,1740.0,0.0,late_seat_matrix,,,1645.0,4602.0,15.88,,,,2022,紧凑型SUV,1900.0
62,V6,,,,,0,1,1,1,1,1,1,1,,1,1,1,,,1,,1,1,,1,0,1,1,,1,1,1,,2349.0,,late_seat_matrix,,,1509.0,5101.0,45.8,,,,2022,中大型轿车,1987.0
63,V6,,,,,0,1,1,1,1,1,1,1,,1,0,1,,,1,,1,1,,1,0,1,0,,0,1,1,,1715.0,1481.0,late_seat_matrix,,,1715.0,4850.0,14.19,,,,2022,MPV,1900.0
64,V6,,,,,0,1,1,1,1,1,1,1,,1,0,1,,,1,,1,1,,1,0,1,1,,1,1,1,,1760.0,,late_seat_matrix,,,1586.0,4261.0,18.5288,,,,2022,紧凑型轿车,1778.0
65,V6,,,,,0,0,1,1,1,1,1,1,,1,0,1,,,0,,1,1,,1,0,1,1,,1,1,1,,1400.0,1494.0,late_seat_matrix,,,1430.0,4680.0,13.19,,,,2022,紧凑型轿车,1838.0
66,V6,,,,,0,1,1,1,1,1,1,1,,1,0,1,,,1,,1,1,,1,1,1,1,,0,1,1,,1680.0,1987.0,late_seat_matrix,,,1660.0,4780.0,26.88,,,,2022,中大型SUV,1855.0
67,V6,,,,,0,1,1,1,1,1,1,1,,1,0,1,,,1,,1,1,,1,0,1,1,,1,1,1,,1675.0,1969.0,late_seat_matrix,,,1689.0,4770.0,16.32,,,,2022,紧凑型SUV,1895.0
68,V5,autoliv,2,2,autoliv,,,,,,1,1,1,1,,,1,,,,,1,1,,1,1,,,,,1,1,,1645.0,1984.0,early_supplier_text,2120.0,passive,1660.0,4589.0,21.09,55G.881.021.A,adient_yfjc,autoliv,2021,A类乘用车,1860.0
69,V5,autoliv,2,2,autoliv,,,,,,1,1,1,1,,,1,,,,,1,1,,1,0,,,,,1,1,,1730.0,1451.0,early_supplier_text,2200.0,passive,1700.0,4875.0,11.68,CN220M-ZY-FS-04,adient_yfjc,autoliv,2021,MPV,1880.0
70,V5,autoliv,2,2,other,,,,,,1,1,1,1,,,1,,,,,1,1,,1,0,,,,,1,1,,1390.0,1987.0,early_supplier_text,1820.0,passive,1435.0,4720.0,0.0,18-001-S1-4,other,autoliv,2021,B类乘用车,1780.0
71,V5,autoliv,2,2,other,,,,,,1,1,1,1,,,1,,,,,1,1,,1,1,,,,,1,1,,1340.0,1197.0,early_supplier_text,1770.0,passive,1455.0,4635.0,0.0,18-001-S1-3,other,other,2021,A类乘用车,1780.0
72,V5,dongfang_jiule,2,2,other,,,,,,1,1,1,1,,,1,,,,,1,1,,1,0,,,,,1,1,,2350.0,1498.0,early_supplier_text,2725.0,passive,1625.0,4700.0,0.0,6800RA01,adient_yfjc,dongfang_jiule,2021,SUV,1930.0
73,V5,jinheng,2,2,jinheng,,,,,,1,1,1,1,,,1,,,,,1,1,,1,0,,,,,1,1,,1830.0,1997.0,early_supplier_text,2375.0,,1755.0,4905.0,19.98,,,jinheng,2021,SUV,1930.0
74,V5,jinheng,2,2,guangda,,,,,,1,1,1,1,,,1,,,,,1,1,,1,0,,,,,1,1,,1745.0,,early_supplier_text,2120.0,passive,1628.0,4530.0,13.98,6800NB,adient_yfjc,jinheng,2021,SUV,1860.0
75,V5,joyson,2,2,other,,,,,,1,1,1,1,,,1,,,,,1,1,,1,1,,,,,1,0,,1875.0,1989.0,early_supplier_text,2350.0,passive,1493.0,5137.0,0.0,6800015-DB03,adient_yfjc,joyson,2021,B类乘用车,1904.0
76,V5,autoliv,2,2,autoliv,,,,,,1,1,1,1,,,1,,,,,1,1,,1,1,,,,,1,1,,1405.0,1395.0,early_supplier_text,1875.0,passive,1632.0,4453.0,0.0,2GG 881 1B,adient_yfjc,other,2021,SUV,1841.0
77,V5,autoliv,2,2,autoliv,,,,,,1,1,1,1,,,1,,,,,1,1,,1,1,,,,,1,1,,1365.0,1395.0,early_supplier_text,1820.0,passive,1471.0,4296.0,0.0,5HG-1-LS-B,adient_yfjc,joyson,2021,A类乘用车,1788.0
78,V5,trw_zf,2,1,trw_zf,,,,,,1,1,1,1,,,1,,,,,1,1,,1,0,,,,,1,1,,2580.0,,early_supplier_text,3155.0,passive,1618.0,5200.0,57.0,6800002.0,adient_yfjc,trw_zf,2021,SUV,1990.0
79,V5,joyson,2,2,autoliv,,,,,,1,1,1,1,,,1,,,,,1,1,,1,1,,,,,1,1,,1828.0,1998.0,early_supplier_text,2203.0,passive,1790.0,4950.0,17.99,402ADB（八向电动）402ADD（六向电动）,lear,joyson,2021,SUV,1932.0
80,V5,dongfang_jiule,2,1,other,,,,,,1,1,1,1,,,1,,,,,1,1,,1,0,,,,,1,1,,1485.0,1498.0,early_supplier_text,1935.0,passive,1455.0,4810.0,0.0,6800015-BA04,adient_yfjc,dongfang_jiule,2021,B类乘用车,1840.0
81,V5,joyson,2,2,autoliv,,,,,,1,1,1,1,,,1,,,,,1,1,,1,0,,,,,1,1,,1315.0,1498.0,early_supplier_text,1747.0,passive,1472.0,4664.0,12.49,SGM JCSB,adient_yfjc,other,2021,A类乘用车,1786.0
82,V5,joyson,2,2,other,,,,,,1,1,1,1,,,1,,,,,1,1,,1,1,,,,,1,1,,1590.0,1499.0,early_supplier_text,2015.0,passive,1700.0,4605.0,18.98,69001S8C1,other,joyson,2021,SUV,1890.0
83,V5,joyson,2,2,,,,,,,1,1,1,1,,,1,,,,,1,1,,1,1,,,,,1,1,,2040.0,,early_supplier_text,2450.0,passive,1720.0,4650.0,19.39,GX03FS051HZ11,other,jinheng,2021,SUV,1920.0
84,V5,trw_zf,2,2,other,,,,,,1,1,1,1,,,1,,,,,1,1,,1,1,,,,,1,1,,2190.0,,early_supplier_text,2565.0,passive,1660.0,4905.0,33.36,H97 8WP,adient_yfjc,dongfang_jiule,2021,SUV,1950.0
85,V5,joyson,2,2,joyson,,,,,,1,1,1,1,,,1,,,,,1,1,,1,0,,,,,0,1,,1465.0,1494.0,early_supplier_text,1856.0,passive,1565.0,4515.0,12.39,S56800100C,lear,joyson,2021,SUV,1870.0
86,V5,other,2,2,other,,,,,,1,1,1,1,,,1,,,,,1,1,,1,1,,,,,1,1,,2090.0,2487.0,early_supplier_text,2700.0,passive,1750.0,4965.0,32.98,20-002-S2-2,other,autoliv,2021,SUV,1930.0
87,V5,,,,,,,,,,1,1,1,1,,,1,,,,,1,1,,1,,,,,,0,1,,1505.0,1600.0,early_supplier_text,0.0,,1505.0,4805.0,0.0,,,,2021,中大型轿车,1865.0
88,V5,,,,,,,,,,1,1,1,1,,,1,,,,,1,1,,1,,,,,,0,1,,2070.0,,early_supplier_text,2445.0,,1675.0,4750.0,0.0,,,,2021,SUV,1905.0
89,V5,autoliv,2,2,trw_zf,,,,,,1,1,1,1,,,1,,,,,1,1,,1,0,,,,,1,1,,2082.0,2261.0,early_supplier_text,2642.0,passive,1778.0,5075.0,35.98,L2AB-S60005-RA,adient_yfjc,joyson,2021,SUV,2020.0
90,V5,joyson,2,1,trw_zf,,,,,,1,1,1,1,,,1,,,,,1,1,,1,1,,,,,1,1,,2205.0,,early_supplier_text,2725.0,passive,1683.0,4746.0,35.59,FG0X-SE0,lear,autoliv,2021,SUV,2138.0
91,V5,trw_zf,2,2,autoliv,,,,,,1,1,1,1,,,1,,,,,1,1,,1,0,,,,,1,1,,1500.0,1969.0,early_supplier_text,2050.0,passive,1469.0,4785.0,12.37,STAA6N1,other,trw_zf,2021,B类乘用车,1869.0
92,V5,autoliv,2,1,joyson,,,,,,1,1,1,1,,,1,,,,,1,1,,1,1,,,,,1,1,,1476.0,1497.0,early_supplier_text,1930.0,passive,1445.0,4955.0,16.53,88001 L4020,lear,other,2021,B类乘用车,1860.0
93,V5,autoliv,2,2,autoliv,,,,,,1,1,1,1,,,1,,,,,1,1,,1,1,,,,,1,1,,1935.0,,early_supplier_text,2310.0,passive,1450.0,4880.0,27.79,,adient_yfjc,autoliv,2021,B类乘用车,1896.0
94,V5,other,2,2,other,,,,,,1,1,1,1,,,1,,,,,1,1,,1,1,,,,,1,1,,2020.0,,early_supplier_text,2395.0,passive,1495.0,4980.0,27.0,ZYAJ1A-12,faurecia,other,2021,B类乘用车,1910.0
95,V5,other,2,1,other,,,,,,1,1,1,1,,,1,,,,,1,1,,1,0,,,,,1,1,,1220.0,1497.0,early_supplier_text,1640.0,passive,1650.0,4345.0,11.58,88001 Q7030,adient_yfjc,other,2021,SUV,1800.0
96,V5,jinheng,2,2,guangda,,,,,,1,1,1,1,,,1,,,,,1,1,,1,0,,,,,1,1,,1550.0,1481.0,early_supplier_text,1925.0,passive,1690.0,4565.0,10.99,,lear,jinheng,2021,SUV,1860.0
97,V5,trw_zf,2,0,autoliv,,,,,,1,1,1,1,,,1,,,,,1,1,,1,0,,,,,0,1,,1144.0,1499.0,early_supplier_text,1610.0,passive,1567.0,4090.0,10.58,FT20 FS03 GZTS 001,tachis,autoliv,2021,A类乘用车,1725.0
98,V5,other,2,2,autoliv,,,,,,1,1,1,1,,,1,,,,,1,1,,1,0,,,,,1,1,,1190.0,1498.0,early_supplier_text,1620.0,passive,1449.0,4053.0,10.59,C18811A,adient_yfjc,trw_zf,2021,A类乘用车,1740.0
99,V5,joyson,2,2,joyson,,,,,,1,1,1,1,,,1,,,,,1,1,,1,1,,,,,1,1,,1540.0,1495.0,early_supplier_text,1955.0,passive,1700.0,4545.0,11.68,DFS051HZ11,other,trw_zf,2021,SUV,1856.0
100,V5,other,2,1,other,,,,,,1,1,1,1,,,1,,,,,1,1,,1,0,,,,,1,1,,1775.0,1989.0,early_supplier_text,2225.0,passive,1685.0,4800.0,15.49,6800015-BQ02-B,adient_yfjc,other,2020,A类乘用车,1915.0
101,V5,,2,2,,,,,,,1,1,1,1,,,1,,,,,1,1,,1,0,,,,,1,1,,1428.0,1395.0,early_supplier_text,1860.0,passive,1462.0,4753.0,13.89,"17G1LSB,17G1LSC,17G1LSD",adient_yfjc,autoliv,2020,A类乘用车,1800.0
102,V5,autoliv,2,2,trw_zf,,,,,,1,1,1,1,,,1,,,,,1,1,,1,0,,,,,1,1,,1660.0,1998.0,early_supplier_text,2160.0,passive,1631.0,4662.0,21.49,E2UB,adient_yfjc,autoliv,2020,SUV,1883.0
103,V5,joyson,2,2,joyson,,,,,,1,1,1,1,,,1,,,,,1,1,,1,0,,,,,1,1,,2300.0,1199.0,early_supplier_text,2825.0,passive,1785.0,5020.0,32.8,M01-68000010,faurecia,joyson,2020,EV/HEV,1960.0
104,V5,autoliv,2,2,autoliv,,,,,,1,1,1,1,,,1,,,,,1,1,,1,0,,,,,1,1,,2160.0,1984.0,early_supplier_text,2720.0,passive,1781.0,5346.0,36.98,C60 881 1B,adient_yfjc,jinheng,2020,MPV,1976.0
105,V5,jinheng,2,1,jinheng,,,,,,1,1,1,1,,,1,,,,,1,1,,1,0,,,,,1,1,,1273.0,1460.0,early_supplier_text,1663.0,passive,1490.0,4700.0,9.49,,adient_yfjc,jinheng,2020,A类乘用车,1812.0
106,V5,dongfang_jiule,2,2,other,,,,,,1,1,1,1,,,0,,,,,1,1,,1,0,,,,,1,1,,1560.0,1490.0,early_supplier_text,2010.0,passive,1674.0,4580.0,12.78,CX743-MAN6802-#,lear,dongfang_jiule,2020,SUV,1936.0
107,V5,other,2,2,joyson,,,,,,1,1,1,1,,,1,,,,,1,1,,1,0,,,,,1,1,,1665.0,1499.0,early_supplier_text,2095.0,passive,1715.0,4710.0,13.79,X4201B,other,other,2020,SUV,1892.0
108,V5,autoliv,2,2,autoliv,,,,,,1,1,1,1,,,0,,,,,1,1,,1,0,,,,,1,1,,1299.0,988.0,early_supplier_text,1693.0,passive,1509.0,4756.0,10.18,WB20 FS03 TSGSK 101,tachis,autoliv,2020,A类乘用车,1804.0
109,V5,trw_zf,2,1,other,,,,,,1,1,1,1,,,1,,,,,1,1,,1,0,,,,,1,1,,1755.0,1989.0,early_supplier_text,2205.0,passive,1700.0,4760.0,19.18,6800015-DD02,adient_yfjc,trw_zf,2020,SUV,1907.0
110,V5,trw_zf,2,2,,,,,,,1,1,1,1,,,1,,,,,1,1,,1,0,,,,,1,1,,1650.0,1998.0,early_supplier_text,2055.0,passive,1463.0,4829.0,32.3,,lear,autoliv,2020,B类乘用车,1827.0
111,V5,other,2,2,autoliv,,,,,,1,1,1,1,,,1,,,,,1,1,,1,0,,,,,1,1,,1463.0,1997.0,early_supplier_text,1915.0,passive,1447.0,4901.0,16.58,1LPM,faurecia,autoliv,2020,B类乘用车,1850.0
112,V5,autoliv,2,2,autoliv,,,,,,1,1,1,1,,,1,,,,,1,1,,1,0,,,,,1,1,,1580.0,1499.0,early_supplier_text,2110.0,passive,1690.0,4620.0,12.38,GWZJZY-B12,other,autoliv,2020,SUV,1846.0
113,V5,joyson,2,2,joyson,,,,,,1,1,1,1,,,1,,,,,1,1,,1,0,,,,,1,1,,1624.0,1332.0,early_supplier_text,2085.0,passive,1687.0,4638.0,28.18,X247A1R******,adient_yfjc,trw_zf,2020,SUV,1834.0
114,V5,autoliv,2,1,other,,,,,,1,1,1,1,,,0,,,,,1,1,,1,0,,,,,1,1,,1565.0,1451.0,early_supplier_text,2080.0,passive,1645.0,4750.0,10.28,CN202M-ZY-FS-05,adient_yfjc,autoliv,2020,MPV,1806.0
115,V5,autoliv,2,2,autoliv,,,,,,1,1,1,1,,,1,,,,,1,1,,1,0,,,,,1,1,,1885.0,1497.0,early_supplier_text,2260.0,passive,1700.0,4650.0,20.18,ZYAQ1A,other,autoliv,2020,EV/HEV,1860.0
116,V5,trw_zf,2,2,joyson,,,,,,1,1,1,1,,,0,,,,,1,1,,1,0,,,,,1,1,,1355.0,1395.0,early_supplier_text,1830.0,passive,1616.0,4419.0,10.28,5CG1LSB,adient_yfjc,jinheng,2020,SUV,1841.0
117,V5,joyson,2,2,autoliv,,,,,,1,1,1,1,,,1,,,,,1,1,,1,0,,,,,1,1,,1631.0,1498.0,early_supplier_text,2006.0,passive,1706.0,4775.0,13.69,402AAE,lear,joyson,2020,SUV,1885.0
118,V5,autoliv,2,2,other,,,,,,1,1,1,1,,,1,,,,,1,1,,1,0,,,,,1,1,,1385.0,1998.0,early_supplier_text,1853.0,passive,1445.0,4662.0,14.39,BELH-57150-*,adient_yfjc,autoliv,2020,A类乘用车,1797.0
119,V5,other,2,2,other,,,,,,1,1,1,1,,,1,,,,,1,1,,1,1,,,,,1,1,,1565.0,1987.0,early_supplier_text,2115.0,passive,1680.0,4600.0,19.53,3674886.0,adient_yfjc,autoliv,2020,SUV,1855.0
120,V5,autoliv,2,2,autoliv,,,,,,1,1,1,1,,,1,,,,,1,1,,1,0,,,,,1,1,,1377.0,1497.0,early_supplier_text,1845.0,passive,1468.0,4647.0,11.68,JX79-A600L05-**,adient_yfjc,autoliv,2020,A类乘用车,1810.0
121,V5,other,2,2,autoliv,,,,,,1,1,1,1,,,1,,,,,1,1,,1,0,,,,,1,1,,1430.0,1591.0,early_supplier_text,1900.0,passive,1425.0,4660.0,15.08,88001-J1130,other,other,2019,A类乘用车,1790.0
122,V5,autoliv,2,2,autoliv,,,,,,1,1,1,1,,,1,,,,,1,1,,1,0,,,,,1,1,,1575.0,1984.0,early_supplier_text,2035.0,passive,1469.0,4933.0,20.29,3GB881021A,adient_yfjc,other,2020,B类乘用车,1836.0
123,V5,joyson,2,2,autoliv,,,,,,1,1,1,1,,,1,,,,,1,1,,1,0,,,,,1,1,,1650.0,,early_supplier_text,2025.0,passive,1503.0,4736.0,20.3,HLZX-GE11FS002（6600206130）,honglizhixin,joyson,2020,EV/HEV,1804.0
124,V5,joyson,2,2,autoliv,,,,,,1,1,1,1,,,1,,,,,1,1,,1,0,,,,,1,1,,1580.0,1498.0,early_supplier_text,2030.0,passive,1679.0,4634.0,20.68,CR20 FS07 GZTS 101,tachis,joyson,2020,SUV,1855.0
125,V5,joyson,2,2,joyson,,,,,,1,1,1,1,,,1,,,,,1,1,,1,0,,,,,1,1,,1498.0,1495.0,early_supplier_text,1887.0,passive,1505.0,4891.0,16.89,CFS051HZ21,other,jinheng,2020,B类乘用车,1850.0
126,V5,jinheng,2,2,joyson,,,,,,1,1,1,1,,,0,,,,,1,1,,1,0,,,,,1,1,,1365.0,1499.0,early_supplier_text,1795.0,passive,1490.0,4785.0,9.99,D4201C,other,jinheng,2019,A类乘用车,1835.0
127,V5,joyson,2,1,joyson,,,,,,1,1,1,1,,,0,,,,,1,1,,1,0,,,,,1,1,,1625.0,,early_supplier_text,2035.0,passive,1530.0,4768.0,19.78,GX01FS150HZ10,other,jinheng,2019,EV/HEV,1880.0
128,V5,autoliv,2,2,other,,,,,,1,1,1,1,,,1,,,,,1,1,,1,1,,,,,1,1,,1665.0,1995.0,early_supplier_text,2223.0,passive,1730.0,4640.0,28.58,SFS002,other,autoliv,2019,EV/HEV,1815.0
129,V5,autoliv,2,2,other,,,,,,1,1,1,1,,,1,,,,,1,1,,1,1,,,,,1,1,,1360.0,1197.0,early_supplier_text,1770.0,passive,1730.0,4640.0,12.98,18-002-S1-1,other,other,2019,A类乘用车,1815.0
130,V5,trw_zf,2,2,autoliv,,,,,,1,1,1,1,,,1,,,,,1,1,,1,0,,,,,0,1,,1258.0,1598.0,early_supplier_text,1680.0,passive,1450.0,4641.0,13.19,1LBMMM,adient_yfjc,trw_zf,2019,A类乘用车,1815.0
131,V5,joyson,2,2,joyson,,,,,,1,1,1,1,,,1,,,,,1,1,,1,0,,,,,1,1,,1560.0,1490.0,early_supplier_text,2000.0,passive,1736.0,4720.0,11.98,SV51-ST-6800-020,adient_yfjc,joyson,2019,SUV,1860.0
132,V5,joyson,2,2,joyson,,,,,,1,1,1,1,,,1,,,,,1,1,,1,0,,,,,1,1,,1625.0,1499.0,early_supplier_text,2000.0,passive,1710.0,4690.0,13.19,S36800100B,honglizhixin,trw_zf,2019,SUV,1865.0
133,V5,jinheng,1,0,jinheng,,,,,,1,0,1,0,,,0,,,,,1,1,,1,0,,,,,0,0,,1410.0,1499.0,early_supplier_text,1830.0,passive,1680.0,4360.0,8.98,C6800400,other,,2019,SUV,1830.0
134,V5,other,2,2,other,,,,,,1,1,1,1,,,1,,,,,1,1,,1,1,,,,,1,1,,1630.0,2487.0,early_supplier_text,2070.0,passive,1450.0,4975.0,24.68,17-002-S1-2,other,other,2019,B类乘用车,1850.0
135,V5,other,2,0,joyson,,,,,,1,1,1,1,,,0,,,,,0,1,,1,0,,,,,1,0,,1480.0,,early_supplier_text,1855.0,passive,1565.0,4135.0,14.55,690017SC1,other,,2019,EV/HEV,1750.0
136,V5,joyson,2,2,autoliv,,,,,,1,1,1,1,,,1,,,,,1,1,,1,0,,,,,1,1,,1544.0,1598.0,early_supplier_text,2143.0,passive,1746.0,4700.0,13.49,6800AER(座椅)6808ABV(头枕）,other,joyson,2019,SUV,1860.0
137,V5,autoliv,2,1,other,,,,,,1,1,1,1,,,1,,,,,1,1,,1,0,,,,,1,1,,1830.0,1998.0,early_supplier_text,2515.0,passive,1720.0,4930.0,21.08,88001-S3010,other,autoliv,2019,SUV,1910.0
138,V5,other,2,2,other,,,,,,1,1,1,1,,,1,,,,,1,1,,1,0,,,,,1,1,,1650.0,,early_supplier_text,2025.0,passive,1515.0,4765.0,18.99,ZYAK1A-20,other,other,2019,EV/HEV,1837.0
139,V5,other,2,1,other,,,,,,1,1,1,1,,,1,,,,,1,1,,1,0,,,,,1,1,,1759.0,,early_supplier_text,2185.0,passive,1616.0,4678.0,26.88,EP21421A0,adient_yfjc,other,2019,EV/HEV,1919.0
140,V5,autoliv,2,2,other,,,,,,1,1,1,1,,,1,,,,,1,1,,1,0,,,,,1,1,,1265.0,1498.0,early_supplier_text,1725.0,passive,1474.0,4670.0,12.99,19D881021J,adient_yfjc,other,2019,A类乘用车,1806.0
141,V5,autoliv,2,1,autoliv,,,,,,1,1,1,0,,,1,,,,,1,1,,1,0,,,,,0,1,,1480.0,,early_supplier_text,1855.0,passive,1567.0,4445.0,20.15,GWZJZY-B06,other,autoliv,2019,EV/HEV,1735.0
142,V5,trw_zf,2,2,autoliv,,,,,,1,1,1,1,,,1,,,,,1,1,,1,0,,,,,1,1,,1840.0,1984.0,early_supplier_text,2325.0,passive,1659.0,4765.0,37.5,80D881019,adient_yfjc,takata,2019,SUV,1893.0
143,V5,joyson,2,2,jinheng,,,,,,1,1,1,1,,,1,,,,,1,1,,1,0,,,,,1,1,,1660.0,1477.0,early_supplier_text,2185.0,passive,1690.0,4706.0,13.58,VF11,magna,joyson,2019,MPV,1909.0
144,V5,autoliv,2,1,autoliv,,,,,,1,1,1,1,,,1,,,,,1,1,,1,0,,,,,1,1,,1485.0,1498.0,early_supplier_text,2000.0,passive,1600.0,4450.0,17.98,AC18 FS07 GZTS 101,tachis,autoliv,2019,B类乘用车,1820.0
145,V5,joyson,2,2,joyson,,,,,,1,1,1,1,,,1,,,,,1,1,,1,0,,,,,1,1,,1585.0,,early_supplier_text,2035.0,,1600.0,4450.0,17.28,P-6310DB2,adient_yfjc,joyson,2019,EV/HEV,1820.0
146,V5,other,2,2,trw_zf,,,,,,1,1,1,1,,,1,,,,,1,1,,1,0,,,,,1,1,,1277.0,1598.0,early_supplier_text,1745.0,passive,1679.0,4412.0,10.58,13311MMM,lear,trw_zf,2019,A类乘用车,1820.0
147,V5,joyson,2,2,joyson,,,,,,1,1,1,1,,,1,,,,,1,1,,1,0,,,,,1,1,,2460.0,,early_supplier_text,3099.0,passive,1756.0,5022.0,44.8,P0005659,adient_yfjc,joyson,2019,EV/HEV,1962.0
148,V5,jinheng,2,1,jinheng,,,,,,1,1,1,1,,,1,,,,,1,1,,1,0,,,,,1,1,,1791.0,,early_supplier_text,2166.0,,1672.0,4585.0,23.2,ASE-1 DS 6WP02,adient_yfjc,jinheng,2019,EV/HEV,1835.0
149,V5,joyson,2,2,other,,,,,,1,1,1,1,,,1,,,,,1,1,,1,0,,,,,1,1,,1745.0,1499.0,early_supplier_text,2270.0,passive,1775.0,4830.0,12.78,V26800100E,lear,joyson,2019,SUV,1868.0
150,V5,takata,2,2,takata,,,,,,1,1,1,1,,,1,,,,,1,1,,1,0,,,,,1,1,,1430.0,1490.0,early_supplier_text,1900.0,passive,1461.0,4902.0,15.08,E2SB,lear,takata,2019,B类乘用车,1863.0
151,V5,joyson,2,2,trw_zf,,,,,,1,1,1,1,,,1,,,,,1,1,,1,0,,,,,1,1,,1915.0,1998.0,early_supplier_text,2385.0,passive,1664.0,4865.0,39.99,FGOX-SEO,lear,trw_zf,2019,SUV,1920.0
152,V5,dongfang_jiule,2,1,guangda,,,,,,1,1,1,1,,,0,,,,,0,1,,1,0,,,,,1,1,,1620.0,1498.0,early_supplier_text,1995.0,passive,1740.0,4610.0,10.99,6800100-EA,adient_yfjc,dongfang_jiule,2019,SUV,1855.0
153,V5,jinheng,2,2,other,,,,,,1,1,1,1,,,1,,,,,1,1,,1,0,,,,,1,1,,1731.0,1997.0,early_supplier_text,2106.0,passive,1672.0,4736.0,13.79,6800BJ,adient_yfjc,jinheng,2019,SUV,1942.0
154,V5,joyson,2,2,joyson,,,,,,1,1,1,1,,,1,,,,,1,1,,1,0,,,,,1,1,,1582.0,1495.0,early_supplier_text,2060.0,passive,1726.0,4695.0,15.68,AFS051YT21,other,jinheng,2019,SUV,1885.0
155,V5,autoliv,2,2,autoliv,,,,,,1,1,1,1,,,1,,,,,1,1,,1,0,,,,,1,1,,1520.0,1477.0,early_supplier_text,2000.0,passive,1528.0,4448.0,15.68,CS11.D,magna,autoliv,2019,A类乘用车,1890.0
156,V5,jinheng,2,2,autoliv,,,,,,1,1,1,1,,,1,,,,,1,1,,1,0,,,,,1,1,,1610.0,1598.0,early_supplier_text,1985.0,passive,1753.0,4702.0,13.97,1A08-6051006,adient_yfjc,jinheng,2018,SUV,1932.0
157,V5,dongfang_jiule,0,0,guangda,,,,,,0,0,1,0,,,0,,,,,1,1,,1,0,,,,,0,0,,1530.0,1499.0,early_supplier_text,1905.0,passive,1725.0,4550.0,10.39,SX5-ZY-QP1,lear,,2018,SUV,1825.0
158,V5,joyson,2,1,joyson,,,,,,1,1,1,1,,,1,,,,,1,1,,1,0,,,,,1,1,,1980.0,1995.0,early_supplier_text,2505.0,passive,1840.0,4923.0,18.78,IS2421C0,adient_yfjc,joyson,2018,SUV,1930.0
159,V5,autoliv,2,1,takata,,,,,,1,1,1,1,,,1,,,,,1,1,,1,0,,,,,1,1,,1315.0,1395.0,early_supplier_text,1820.0,passive,1452.0,4259.0,13.79,5GG 881 021Q,adient_yfjc,trw_zf,2018,A类乘用车,1799.0
160,V5,autoliv,2,2,autoliv,,,,,,1,1,1,1,,,1,,,,,1,1,,1,1,,,,,1,1,,1995.0,1995.0,early_supplier_text,2540.0,passive,1738.0,4873.0,30.98,GFA-K8-1P8W-L,adient_yfjc,autoliv,2018,SUV,1892.0
161,V5,takata,2,0,takata,,,,,,1,1,1,1,,,0,,,,,1,1,,1,0,,,,,1,1,,1430.0,1372.0,early_supplier_text,1840.0,passive,1648.0,4278.0,13.99,SGM G60,adient_yfjc,autoliv,2018,A类乘用车,1781.0
162,V5,other,2,2,other,,,,,,1,1,1,1,,,1,,,,,1,1,,1,0,,,,,1,1,,2390.0,1999.0,early_supplier_text,2995.0,passive,1725.0,4870.0,29.29,ZYAR1A-20,other,other,2018,EV/HEV,1950.0
163,V5,jinheng,2,0,guangda,,,,,,1,1,1,1,,,0,,,,,1,1,,1,0,,,,,1,0,,1245.0,1499.0,early_supplier_text,1645.0,passive,1485.0,4620.0,8.68,D4201A,other,,2018,A类乘用车,1810.0
164,V5,autoliv,2,2,autoliv,,,,,,1,1,1,1,,,1,,,,,1,1,,1,1,,,,,1,1,,1926.0,2488.0,early_supplier_text,2400.0,passive,1835.0,4882.0,24.78,1PAP,other,autoliv,2018,SUV,1850.0
165,V5,joyson,2,2,joyson,,,,,,1,1,1,1,,,1,,,,,1,1,,1,0,,,,,1,1,,1490.0,1499.0,early_supplier_text,1865.0,passive,1465.0,4780.0,11.99,CH6800100A,adient_yfjc,joyson,2018,A类乘用车,1825.0
166,V5,other,2,1,jinheng,,,,,,1,1,1,1,,,1,,,,,1,1,,1,0,,,,,1,1,,1635.0,1989.0,early_supplier_text,2028.0,passive,1470.0,4988.0,18.98,5HA0-57150,adient_yfjc,jinheng,2018,B类乘用车,1875.0
167,V5,joyson,2,0,jinheng,,,,,,1,1,1,1,,,0,,,,,1,1,,1,0,,,,,1,1,,1400.0,1398.0,early_supplier_text,1775.0,passive,1478.0,4725.0,9.88,FE-5.A,other,joyson,2018,A类乘用车,1802.0
168,V5,other,2,0,guangda,,,,,,1,1,1,1,,,0,,,,,0,1,,1,0,,,,,1,0,,1480.0,,early_supplier_text,1880.0,passive,1583.0,4110.0,13.39,400201-C33D-01,other,,2018,EV/HEV,1750.0
169,V5,other,2,0,other,,,,,,1,1,1,1,,,0,,,,,1,1,,1,0,,,,,1,1,,1450.0,,early_supplier_text,1825.0,passive,1610.0,4340.0,18.38,LH-A101-FL01,other,other,2018,EV/HEV,1765.0
170,V4,other,2,2,other,,,,,,1,1,1,1,,,1,,,,,1,1,,1,1,,,,,1,1,,1560.0,1998.0,early_supplier_text,2030.0,passive,1455.0,4885.0,19.98,16-003-S1-2,other,autoliv,2018,B类乘用车,1840.0
171,V4,other,2,1,other,,,,,,1,1,1,1,,,1,,,,,1,1,,1,0,,,,,1,1,,1237.0,1598.0,early_supplier_text,1700.0,passive,1487.0,4756.0,8.68,1322MMM,lear,trw_zf,2018,A类乘用车,1803.0
172,V4,joyson,2,2,trw_zf,,,,,,1,1,1,1,,,1,,,,,1,1,,1,0,,,,,1,1,,1500.0,1349.0,early_supplier_text,1980.0,passive,1626.0,4692.0,15.59,SGM K256,adient_yfjc,autoliv,2018,MPV,1794.0
173,V4,trw_zf,2,2,other,,,,,,1,1,1,1,,,1,,,,,1,1,,1,1,,,,,1,1,,2025.0,1984.0,early_supplier_text,2585.0,passive,1773.0,5039.0,36.04,3CG881021A,adient_yfjc,takata,2018,SUV,1989.0
174,V4,takata,2,1,takata,,,,,,1,1,1,1,,,1,,,,,1,1,,1,0,,,,,1,1,,1500.0,1498.0,early_supplier_text,2065.0,passive,1615.0,4496.0,25.98,C 16 FS05 1S GAJC 111,adient_yfjc,autoliv,2018,SUV,1840.0
175,V4,other,2,1,autoliv,,,,,,1,1,1,1,,,1,,,,,1,1,,1,1,,,,,1,1,,1399.0,1499.0,early_supplier_text,1849.0,passive,1650.0,4315.0,9.98,B006800500,adient_yfjc,other,2018,SUV,1840.0
176,V4,jinheng,2,2,autoliv,,,,,,1,1,1,1,,,1,,,,,1,1,,1,0,,,,,1,1,,1405.0,1498.0,early_supplier_text,1780.0,passive,1645.0,4338.0,9.69,6800AER,other,joyson,2018,SUV,1830.0
177,V4,joyson,2,2,autoliv,,,,,,1,1,1,1,,,1,,,,,1,1,,1,0,,,,,1,1,,1556.0,1498.0,early_supplier_text,2030.0,passive,1679.0,4585.0,20.38,CR17 FS07 TSGSK 101,tachis,joyson,2018,SUV,1855.0
178,V4,other,2,0,other,,,,,,1,1,1,1,,,1,,,,,1,1,,1,0,,,,,1,0,,1145.0,1368.0,early_supplier_text,1570.0,passive,1505.0,4240.0,7.99,88001-H2***,adient_yfjc,,2018,A类乘用车,1750.0
179,V4,joyson,2,2,joyson,,,,,,1,1,1,1,,,1,,,,,1,1,,1,1,,,,,1,1,,2290.0,1995.0,early_supplier_text,2960.0,passive,1875.0,5005.0,20.28,SV91-S7-10-6800-010,adient_yfjc,joyson,2018,SUV,1932.0
180,V4,jinheng,2,2,jinheng,,,,,,1,1,1,1,,,1,,,,,1,1,,1,0,,,,,1,1,,1345.0,1499.0,early_supplier_text,1720.0,passive,1665.0,4405.0,6.98,6800BS,adient_yfjc,jinheng,2018,SUV,1830.0
182,V4,takata,2,1,takata,,,,,,1,1,1,1,,,1,,,,,1,1,,1,0,,,,,1,1,,1756.0,1498.0,early_supplier_text,2180.0,passive,1669.0,4816.0,25.38,CT17 FS07S GZTS 111,tachis,takata,2018,SUV,1942.0
183,V4,autoliv,2,2,takata,,,,,,1,1,1,1,,,1,,,,,1,1,,1,0,,,,,1,1,,1535.0,1998.0,early_supplier_text,2015.0,passive,1685.0,4555.0,19.28,KD5H-57150-*,adient_yfjc,joyson,2018,SUV,1842.0
184,V4,joyson,2,1,joyson,,,,,,1,1,1,1,,,1,,,,,1,1,,1,0,,,,,1,1,,1320.0,1490.0,early_supplier_text,1763.0,passive,1462.0,4695.0,13.28,IP3421C0,adient_yfjc,joyson,2018,A类乘用车,1848.0
185,V4,autoliv,2,2,autoliv,,,,,,1,1,1,1,,,1,,,,,1,1,,1,0,,,,,0,1,,1490.0,1598.0,early_supplier_text,1913.0,passive,1705.0,4510.0,16.97,C84 6WP,adient_yfjc,autoliv,2018,SUV,1860.0
186,V4,joyson,2,1,joyson,,,,,,1,1,1,1,,,1,,,,,1,1,,1,0,,,,,1,1,,1520.0,1499.0,early_supplier_text,1895.0,passive,1690.0,4500.0,11.39,E5ZY01ABJS,adient_yfjc,joyson,2018,SUV,1855.0
187,V4,autoliv,2,2,takata,,,,,,1,1,1,1,,,1,,,,,1,1,,1,0,,,,,1,1,,1557.0,1997.0,early_supplier_text,2004.0,passive,1678.0,4672.0,18.28,6WP TPU 2W HR,adient_yfjc,autoliv,2018,SUV,1843.0
188,V4,autoliv,2,2,trw_zf,,,,,,1,1,1,1,,,1,,,,,1,1,,1,0,,,,,1,1,,1800.0,1991.0,early_supplier_text,2350.0,passive,1476.0,5065.0,49.98,V213-FL,lear,trw_zf,2018,B类乘用车,1860.0
189,V4,autoliv,2,2,autoliv,,,,,,1,1,1,1,,,1,,,,,1,1,,1,0,,,,,1,1,,1632.0,1969.0,early_supplier_text,2060.0,passive,1673.0,4512.0,17.88,CX11.D,magna,autoliv,2018,SUV,1857.0
190,V4,trw_zf,2,2,takata,,,,,,1,1,1,1,,,1,,,,,1,1,,1,1,,,,,1,1,,1540.0,1798.0,early_supplier_text,2000.0,passive,1464.0,4866.0,22.49,3GD 881 021E,adient_yfjc,autoliv,2018,B类乘用车,1832.0
191,V4,jinheng,2,1,jinheng,,,,,,1,1,1,1,,,0,,,,,1,1,,1,0,,,,,1,0,,1600.0,1499.0,early_supplier_text,1975.0,passive,1734.0,4620.0,11.99,1A08-6351001,adient_yfjc,,2018,SUV,1922.0
192,V4,autoliv,2,1,autoliv,,,,,,1,1,1,1,,,1,,,,,1,1,,1,0,,,,,1,1,,1720.0,1967.0,early_supplier_text,2230.0,active,1720.0,4600.0,13.68,KZ-BANJEZJZY-01,other,autoliv,2018,SUV,1860.0
193,V4,dongfang_jiule,2,1,jinheng,,,,,,1,1,1,0,,,0,,,,,1,1,,1,0,,,,,0,0,,1290.0,1598.0,early_supplier_text,1665.0,passive,1680.0,4310.0,7.01,1BA0-57150,adient_yfjc,,2018,SUV,1780.0
194,V4,autoliv,2,2,autoliv,,,,,,1,1,1,1,,,1,,,,,1,1,,1,0,,,,,1,1,,1157.0,1498.0,early_supplier_text,1555.0,passive,1588.0,4295.0,11.98,1PFML,other,autoliv,2017,A类乘用车,1760.0
195,V4,joyson,2,2,joyson,,,,,,1,1,1,1,,,0,,,,,1,1,,1,0,,,,,1,1,,1380.0,1325.0,early_supplier_text,1780.0,passive,1680.0,4350.0,10.58,A5H,other,joyson,2017,SUV,1825.0
196,V4,other,2,1,autoliv,,,,,,1,1,1,1,,,0,,,,,1,1,,1,0,,,,,1,1,,1576.0,1591.0,early_supplier_text,2090.0,passive,1655.0,4480.0,14.78,88001-H30**,other,other,2017,SUV,1855.0
197,V4,jinheng,2,2,jinheng,,,,,,1,1,1,1,,,1,,,,,1,1,,1,0,,,,,1,1,,1423.0,1499.0,early_supplier_text,1798.0,passive,1648.0,4501.0,9.28,6800BS,adient_yfjc,jinheng,2017,SUV,1820.0
200,V4,joyson,2,2,autoliv,,,,,,1,1,1,1,,,1,,,,,1,1,,1,0,,,,,1,1,,1490.0,1368.0,early_supplier_text,1865.0,passive,1625.0,4415.0,17.6,GFA-slimer-Q6SD-23-KK,lear,autoliv,2017,SUV,1819.0
201,V4,dongfang_jiule,2,2,other,,,,,,1,1,1,1,,,1,,,,,1,1,,1,0,,,,,1,1,,1570.0,1490.0,early_supplier_text,1980.0,passive,1676.0,4588.0,12.99,N330-POW6800-#,lear,dongfang_jiule,2017,SUV,1932.0
202,V4,jinheng,2,2,jinheng,,,,,,1,1,1,1,,,1,,,,,1,1,,1,0,,,,,1,1,,1787.0,1799.0,early_supplier_text,2162.0,passive,1697.0,4748.0,13.98,6800BU,other,jinheng,2017,SUV,1933.0
203,V4,autoliv,2,2,trw_zf,,,,,,1,1,1,1,,,1,,,,,1,1,,1,0,,,,,1,1,,1660.0,1751.0,early_supplier_text,2088.0,passive,1470.0,5066.0,16.57,95 LFS-E1,lear,joyson,2017,B类乘用车,1858.0
204,V4,other,2,1,jinheng,,,,,,1,1,1,1,,,0,,,,,1,1,,1,0,,,,,1,1,,1570.0,1498.0,early_supplier_text,2095.0,passive,1790.0,4715.0,8.39,BY12H5021/2/3,adient_yfjc,other,2017,MPV,1830.0
205,V4,other,2,2,autoliv,,,,,,1,1,1,1,,,0,,,,,1,1,,1,0,,,,,1,1,,1295.0,1591.0,early_supplier_text,1670.0,passive,1637.0,4195.0,7.98,SE0057B,other,other,2017,SUV,1765.0
206,V4,takata,2,0,takata,,,,,,1,1,1,1,,,1,,,,,1,1,,1,0,,,,,0,0,,1500.0,1498.0,early_supplier_text,2065.0,passive,1615.0,4496.0,23.98,C 16 FS05 1S GAJC 111,adient_yfjc,autoliv,2017,SUV,1840.0
207,V4,trw_zf,2,2,trw_zf,,,,,,1,1,1,1,,,1,,,,,1,1,,1,0,,,,,1,1,,1492.0,1598.0,early_supplier_text,1918.0,passive,1662.0,4510.0,18.7,P84C 8WP,adient_yfjc,trw_zf,2017,SUV,1850.0
208,V4,takata,2,2,takata,,,,,,1,1,1,1,,,1,,,,,1,1,,1,0,,,,,1,1,,1665.0,1499.0,early_supplier_text,2040.0,active,1503.0,5005.0,16.95,6900100U7506,adient_yfjc,takata,2017,B类乘用车,1890.0
209,V4,takata,2,2,takata,,,,,,1,1,1,1,,,1,,,,,1,1,,1,0,,,,,1,1,,1590.0,1797.0,early_supplier_text,2040.0,passive,1675.0,4490.0,18.98,V500019110,faurecia,takata,2017,SUV,1877.0
210,V4,autoliv,2,0,autoliv,,,,,,1,1,1,1,,,1,,,,,1,1,,1,1,,,,,1,1,,1768.0,1999.0,early_supplier_text,2143.0,passive,1654.0,4552.0,31.84,*J7B-COSTFRL-*(*) (*),magna,autoliv,2017,SUV,1864.0
211,V4,takata,2,2,trw_zf,,,,,,1,1,1,1,,,1,,,,,1,1,,1,0,,,,,1,1,,1380.0,1499.0,early_supplier_text,1855.0,passive,1446.0,4456.0,20.99,FF4X-SE2,adient_yfjc,joyson,2017,A类乘用车,1803.0
212,V4,jinheng,2,1,takata,,,,,,1,1,1,1,,,0,,,,,1,1,,1,0,,,,,1,0,,1340.0,1598.0,early_supplier_text,1715.0,passive,1655.0,4305.0,9.29,6800010B4V7,adient_yfjc,,2017,A类乘用车,1780.0
213,V4,other,0,0,other,,,,,,0,0,1,1,,,0,,,,,0,1,,1,0,,,,,1,0,,1540.0,1794.0,early_supplier_text,2100.0,passive,1665.0,4720.0,7.58,CMA6800,adient_yfjc,,2017,MPV,1840.0
214,V4,autoliv,2,0,takata,,,,,,1,1,1,1,,,0,,,,,1,1,,1,0,,,,,1,1,,1450.0,1998.0,early_supplier_text,1900.0,passive,1530.0,4633.0,15.18,GWOA-57150,lear,takata,2017,B类乘用车,1840.0
215,V4,joyson,2,2,other,,,,,,1,1,1,1,,,1,,,,,1,1,,1,0,,,,,1,1,,1520.0,1490.0,early_supplier_text,1970.0,passive,1688.0,4652.0,19.19,D2UC八向电动,adient_yfjc,takata,2017,SUV,1843.0
216,V4,dongfang_jiule,2,0,other,,,,,,1,1,1,1,,,0,,,,,0,1,,1,0,,,,,1,0,,1450.0,1468.0,early_supplier_text,1825.0,passive,1709.0,4426.0,7.35,IS000-A5010,other,,2017,SUV,1862.0
218,V4,joyson,2,1,autoliv,,,,,,1,1,1,1,,,0,,,,,1,1,,1,0,,,,,1,1,,1235.0,1485.0,early_supplier_text,1580.0,passive,1625.0,4220.0,6.93,CN180S-ZY-FS-01,other,autoliv,2017,SUV,1740.0
219,V4,other,2,1,other,,,,,,1,1,1,1,,,1,,,,,1,1,,1,0,,,,,1,1,,1523.0,1997.0,early_supplier_text,1970.0,passive,1586.0,4793.0,13.58,A591P,lear,other,2017,B类乘用车,1865.0
220,V4,other,0,0,autoliv,,,,,,0,0,1,1,,,0,,,,,1,1,,1,0,,,,,1,0,,1595.0,1499.0,early_supplier_text,2200.0,passive,1700.0,4663.0,11.88,CFSM(P)66802,other,,2017,SUV,1875.0
221,V4,trw_zf,2,2,other,,,,,,1,1,1,1,,,1,,,,,1,1,,1,0,,,,,1,1,,1615.0,1798.0,early_supplier_text,2085.0,passive,1673.0,4712.0,27.68,5NG881021B,adient_yfjc,other,2017,SUV,1839.0
222,V4,joyson,2,1,joyson,,,,,,1,1,1,1,,,0,,,,,1,1,,1,0,,,,,1,1,,1270.0,1490.0,early_supplier_text,1720.0,passive,1464.0,4671.0,11.98,IP3421C0,adient_yfjc,joyson,2017,A类乘用车,1835.0
223,V4,joyson,2,1,joyson,,,,,,1,1,1,1,,,1,,,,,1,1,,1,0,,,,,1,1,,2002.0,1998.0,early_supplier_text,2527.0,passive,1785.0,4949.0,16.98,E3ZY01AEJS,other,joyson,2017,SUV,1930.0
224,V4,dongfang_jiule,2,2,dongfang_jiule,,,,,,1,1,1,1,,,1,,,,,1,1,,1,0,,,,,1,1,,1570.0,1490.0,early_supplier_text,1980.0,passive,1676.0,4588.0,12.3,N330-P0W6800-#,lear,dongfang_jiule,2017,SUV,1932.0
225,V4,autoliv,2,1,trw_zf,,,,,,1,1,1,1,,,1,,,,,1,1,,1,0,,,,,1,1,,1978.0,1967.0,early_supplier_text,2508.0,active,1718.0,4700.0,16.68,KU-BANVEZJZY-01,other,autoliv,2017,SUV,1925.0
226,V4,joyson,2,1,takata,,,,,,1,1,1,1,,,1,,,,,1,1,,1,0,,,,,1,1,,1430.0,1490.0,early_supplier_text,1865.0,passive,1477.0,4923.0,19.29,SGM E2SC-S,adient_yfjc,takata,2017,B类乘用车,1854.0
228,V4,trw_zf,2,2,takata,,,,,,1,1,1,1,,,1,,,,,1,1,,1,1,,,,,1,1,,1815.0,1984.0,early_supplier_text,2315.0,passive,1489.0,5074.0,40.9,3ED881021B,faurecia,autoliv,2017,B类乘用车,1893.0
229,V4,jinheng,2,2,jinheng,,,,,,1,1,1,1,,,0,,,,,1,1,,1,0,,,,,1,0,,1285.0,1499.0,early_supplier_text,1670.0,passive,1670.0,4354.0,7.69,LH-DX3-FL01,other,,2017,SUV,1840.0
231,V4,joyson,2,2,trw_zf,,,,,,1,1,1,1,,,1,,,,,1,1,,1,0,,,,,1,1,,1431.0,1368.0,early_supplier_text,1861.0,passive,1695.0,4245.0,16.68,GFA-slimer-Q6SD-24-KK,lear,autoliv,2017,SUV,1805.0
232,V4,trw_zf,2,2,autoliv,,,,,,1,1,1,1,,,1,,,,,1,1,,1,0,,,,,1,1,,1565.0,1984.0,early_supplier_text,2015.0,passive,1432.0,4818.0,30.89,8WD 881 019A,lear,autoliv,2017,B类乘用车,1843.0
233,V4,other,2,1,takata,,,,,,1,1,1,1,,,0,,,,,1,1,,1,0,,,,,1,1,,1317.0,1591.0,early_supplier_text,1780.0,passive,1450.0,4610.0,11.68,88001-F0020,adient_yfjc,other,2017,A类乘用车,1800.0
234,V4,autoliv,2,2,takata,,,,,,1,1,1,1,,,1,,,,,1,1,,1,0,,,,,1,1,,1465.0,1997.0,early_supplier_text,1940.0,passive,1616.0,4503.0,16.28,HZH 6WM,faurecia,autoliv,2016,SUV,1836.0
235,V4,trw_zf,2,2,trw_zf,,,,,,1,1,1,1,,,1,,,,,1,1,,1,0,,,,,1,1,,1772.0,1991.0,early_supplier_text,2165.0,passive,1508.0,5003.0,17.98,4941-1A*-0000,other,trw_zf,2016,B类乘用车,1910.0
236,V4,autoliv,2,1,jinheng,,,,,,1,1,1,1,,,1,,,,,1,1,,1,0,,,,,1,1,,1265.0,1499.0,early_supplier_text,1640.0,passive,1482.0,4572.0,6.99,6800AEJ,adient_yfjc,autoliv,2016,A类乘用车,1825.0
238,V4,joyson,2,1,joyson,,,,,,1,1,1,1,,,0,,,,,1,1,,1,0,,,,,0,0,,1490.0,1584.0,early_supplier_text,2015.0,passive,1775.0,4680.0,7.64,R1ZY01YBJ0,honglizhixin,,2016,SUV,1800.0
239,V4,jinheng,2,2,other,,,,,,1,1,1,1,,,1,,,,,1,1,,1,0,,,,,0,1,,1440.0,1499.0,early_supplier_text,1815.0,passive,1682.0,4527.0,9.39,JT6800AF,adient_yfjc,jinheng,2016,SUV,1836.0
240,V4,other,2,1,other,,,,,,1,1,1,1,,,1,,,,,1,1,,1,0,,,,,1,1,,1610.0,1498.0,early_supplier_text,1985.0,passive,1683.0,4693.0,10.38,BY12C20H02,other,other,2016,SUV,1839.0
241,V4,joyson,2,1,joyson,,,,,,1,1,1,1,,,0,,,,,1,1,,1,0,,,,,1,1,,1501.0,1490.0,early_supplier_text,1876.0,passive,1719.0,4545.0,14.88,AS2421M0,adient_yfjc,joyson,2016,SUV,1855.0
242,V4,trw_zf,2,2,takata,,,,,,1,1,1,1,,,1,,,,,1,1,,1,0,,,,,1,1,,1485.0,1395.0,early_supplier_text,1985.0,passive,1659.0,4527.0,17.18,5TD.881.021J,adient_yfjc,takata,2016,MPV,1829.0
243,V4,takata,2,1,takata,,,,,,1,1,1,1,,,1,,,,,1,1,,1,0,,,,,1,1,,1306.0,1498.0,early_supplier_text,1730.0,passive,1416.0,4649.0,13.99,1421H0003A01CA,adient_yfjc,takata,2016,A类乘用车,1830.0
244,V4,other,2,0,other,,,,,,1,1,1,1,,,1,,,,,0,1,,1,0,,,,,1,0,,1820.0,2378.0,early_supplier_text,2380.0,passive,1828.0,4771.0,11.48,68002000KA8A,other,,2016,SUV,1870.0
245,V4,other,2,1,guangda,,,,,,1,1,1,0,,,0,,,,,1,1,,1,0,,,,,0,0,,1250.0,1490.0,early_supplier_text,1675.0,passive,1640.0,4300.0,7.48,400201-C32B-02,other,,2016,A类乘用车,1815.0
246,V4,other,2,0,takata,,,,,,1,1,1,1,,,0,,,,,1,1,,1,1,,,,,1,0,,1440.0,1995.0,early_supplier_text,1940.0,passive,1615.0,4465.0,19.88,GFS001,other,,2016,SUV,1780.0
247,V4,joyson,2,2,takata,,,,,,1,1,1,1,,,1,,,,,1,1,,1,0,,,,,1,1,,1670.0,1799.0,early_supplier_text,2045.0,passive,1694.0,4519.0,13.38,ZD-01F001,other,joyson,2016,SUV,1831.0
248,V4,autoliv,2,1,autoliv,,,,,,1,1,1,1,,,1,,,,,1,1,,1,0,,,,,1,1,,1242.0,1598.0,early_supplier_text,1670.0,passive,1465.0,4683.0,12.39,1XMMMM,adient_yfjc,autoliv,2016,A类乘用车,1780.0
249,V4,takata,2,2,other,,,,,,1,1,1,1,,,1,,,,,1,1,,1,0,,,,,1,1,,1550.0,1499.0,early_supplier_text,2035.0,passive,1624.0,4565.0,29.9,FF4X-BE2,adient_yfjc,other,2016,SUV,1821.0
250,V4,autoliv,2,0,joyson,,,,,,1,1,1,1,,,1,,,,,1,1,,1,1,,,,,1,1,,1745.0,1999.0,early_supplier_text,2120.0,passive,1503.0,4996.0,24.08,GR2B-COSTFRL-C,lear,autoliv,2016,B类乘用车,1878.0
251,V4,joyson,0,0,guangda,,,,,,0,0,1,0,,,0,,,,,0,1,,1,0,,,,,0,0,,1350.0,1498.0,early_supplier_text,1875.0,passive,1795.0,4515.0,5.88,6800100-C01,other,,2016,MPV,1750.0
252,V4,takata,2,1,autoliv,,,,,,1,1,1,1,,,1,,,,,1,1,,1,1,,,,,1,1,,1855.0,2360.0,early_supplier_text,2305.0,active,1695.0,4649.0,25.98,GFA-SLIM-Q8DD-21-SG,adient_yfjc,autoliv,2016,SUV,1859.0
253,V4,other,2,2,other,,,,,,1,1,1,1,,,1,,,,,1,1,,1,0,,,,,1,1,,1555.0,1497.0,early_supplier_text,1930.0,passive,1720.0,4565.0,10.69,ZYAQ1A-03,other,other,2016,SUV,1830.0
254,V4,joyson,2,2,joyson,,,,,,1,1,1,1,,,0,,,,,1,1,,1,0,,,,,1,1,,1431.0,1798.0,early_supplier_text,1780.0,passive,1750.0,4620.0,9.08,CN200S-ZY-FL-01,adient_yfjc,joyson,2016,SUV,1820.0
255,V4,jinheng,0,0,guangda,,,,,,0,0,1,0,,,0,,,,,1,1,,1,0,,,,,0,1,,1370.0,1590.0,early_supplier_text,1895.0,passive,1740.0,4620.0,7.39,LZ6430AQP2,lear,jinheng,2016,MPV,1810.0
256,V4,autoliv,2,2,trw_zf,,,,,,1,1,1,1,,,1,,,,,1,1,,1,0,,,,,1,1,,1310.0,1587.0,early_supplier_text,1728.0,passive,1496.0,4588.0,10.68,BZ3 6WM,faurecia,joyson,2016,A类乘用车,1800.0
257,V4,takata,2,1,takata,,,,,,1,1,1,1,,,1,,,,,1,1,,1,0,,,,,1,1,,1427.0,1997.0,early_supplier_text,1870.0,passive,1612.0,4384.0,15.48,1PSM,lear,autoliv,2016,SUV,1837.0
258,V4,takata,2,2,other,,,,,,1,1,1,1,,,1,,,,,1,1,,1,0,,,,,1,1,,1800.0,1998.0,early_supplier_text,2275.0,passive,1695.0,4667.0,25.79,D2UB,adient_yfjc,takata,2016,SUV,1839.0
259,V4,autoliv,2,0,joyson,,,,,,1,1,1,1,,,1,,,,,1,1,,1,1,,,,,1,1,,1925.0,1999.0,early_supplier_text,2450.0,passive,1770.0,4878.0,29.98,FK7B-R600A31-B*,lear,autoliv,2016,SUV,1925.0
260,V4,joyson,2,1,joyson,,,,,,1,1,1,1,,,1,,,,,1,1,,1,0,,,,,1,1,,1475.0,1325.0,early_supplier_text,1900.0,passive,1708.0,4510.0,13.38,4953-1A※-0000,other,joyson,2016,SUV,1852.0
261,V4,autoliv,2,2,autoliv,,,,,,1,1,1,1,,,1,,,,,1,1,,1,0,,,,,1,1,,1305.0,1199.0,early_supplier_text,1721.0,passive,1480.0,4255.0,12.97,T91/T93 6WM,faurecia,trw_zf,2016,A类乘用车,1820.0
262,V4,autoliv,2,2,other,,,,,,1,1,1,1,,,1,,,,,1,1,,1,1,,,,,1,1,,2300.0,1997.0,early_supplier_text,2900.0,passive,1837.0,4892.0,31.68,EB3B-4160005-T,adient_yfjc,autoliv,2016,SUV,1862.0
263,V4,other,2,2,autoliv,,,,,,1,1,1,1,,,1,,,,,1,1,,1,0,,,,,1,1,,1541.0,1591.0,early_supplier_text,1990.0,passive,1475.0,4855.0,17.58,88001-D6050,lear,other,2016,B类乘用车,1860.0
264,V4,other,2,0,other,,,,,,0,0,1,0,,,0,,,,,0,1,,0,0,,,,,0,0,,1170.0,1495.0,early_supplier_text,1695.0,passive,1740.0,4148.0,5.0,6800010D6V7,other,,2016,MPV,1680.0
265,V4,autoliv,2,1,takata,,,,,,1,1,1,1,,,1,,,,,1,1,,1,0,,,,,1,1,,1180.0,1373.0,early_supplier_text,1555.0,passive,1610.0,4175.0,13.98,FSE004,adient_yfjc,trw_zf,2016,A类乘用车,1775.0
266,V4,takata,2,2,takata,,,,,,1,1,1,1,,,1,,,,,1,1,,1,1,,,,,1,1,,1495.0,1798.0,early_supplier_text,2035.0,passive,1489.0,4861.0,21.68,3VD 880 1021F,adient_yfjc,autoliv,2016,B类乘用车,1865.0
267,V4,autoliv,2,0,autoliv,,,,,,1,1,1,1,,,0,,,,,1,1,,1,0,,,,,1,1,,1541.0,1591.0,early_supplier_text,2090.0,passive,1660.0,4475.0,17.99,88001 F8040TFT,lear,autoliv,2015,SUV,1850.0
268,V4,takata,2,0,trw_zf,,,,,,1,1,1,1,,,1,,,,,1,1,,1,0,,,,,1,1,,1320.0,1490.0,early_supplier_text,1770.0,,1471.0,4718.0,15.29,D2SB-S,adient_yfjc,takata,2015,A类乘用车,1802.0
269,V4,jinheng,2,0,other,,,,,,1,1,1,1,,,0,,,,,0,1,,1,0,,,,,1,0,,1515.0,1799.0,early_supplier_text,1890.0,passive,1715.0,4555.0,8.68,X6800100,other,,2015,SUV,1835.0
270,V4,takata,2,1,joyson,,,,,,1,1,1,1,,,1,,,,,0,1,,1,0,,,,,1,1,,1406.0,1997.0,early_supplier_text,1850.0,passive,1642.0,4542.0,10.48,1531MMM,adient_yfjc,takata,2015,SUV,1786.0
271,V4,autoliv,2,2,autoliv,,,,,,1,1,1,1,,,1,,,,,1,1,,1,1,,,,,1,1,,1760.0,1799.0,early_supplier_text,2135.0,passive,1513.0,4956.0,17.68,KC-1.A,other,autoliv,2015,B类乘用车,1861.0
272,V4,takata,2,,trw_zf,,,,,,1,1,1,1,,,0,,,,,1,1,,1,1,,,,,1,1,,920.0,999.0,early_supplier_text,1180.0,passive,1555.0,2730.0,12.5,BR 453-JCFSSAA,other,takata,2015,小型乘用车,1663.0
273,V4,autoliv,2,0,autoliv,,,,,,1,1,1,1,,,1,,,,,1,1,,1,0,,,,,1,1,,1332.0,1596.0,early_supplier_text,1707.0,passive,1483.0,4368.0,12.68,F1EB-A600L05-TFW,adient_yfjc,autoliv,2015,A类乘用车,1823.0
274,V4,jinheng,2,1,jinheng,,,,,,1,1,1,1,,,1,,,,,1,1,,1,0,,,,,1,1,,1485.0,1499.0,early_supplier_text,1860.0,passive,1700.0,4530.0,11.99,LH-DX7-FL01,other,jinheng,2015,SUV,1900.0
275,V4,takata,2,0,other,,,,,,1,1,1,1,,,0,,,,,0,1,,1,0,,,,,1,1,,1320.0,1499.0,early_supplier_text,1925.0,passive,1750.0,4508.0,6.88,M301-400201-A1,other,takata,2015,MPV,1760.0
276,V4,autoliv,2,0,takata,,,,,,1,1,1,1,,,1,,,,,0,1,,1,0,,,,,1,1,,1505.0,1997.0,early_supplier_text,1975.0,passive,1735.0,4625.0,14.68,1S12PPP,adient_yfjc,autoliv,2015,SUV,1790.0
277,V4,autoliv,2,0,takata,,,,,,1,1,1,1,,,1,,,,,1,1,,1,0,,,,,1,1,,2020.0,2998.0,early_supplier_text,2600.0,passive,1840.0,4695.0,25.88,2869607,adient_yfjc,autoliv,2015,SUV,1815.0
278,V4,other,2,0,other,,,,,,1,1,1,0,,,1,,,,,1,1,,1,0,,,,,0,1,,1458.0,1499.0,early_supplier_text,1910.0,,1597.0,4342.0,24.69,FF4X-5M1,faurecia,other,2015,A类乘用车,1800.0
279,V4,joyson,2,1,joyson,,,,,,1,1,1,1,,,0,,,,,1,1,,1,0,,,,,1,1,,1460.0,1490.0,early_supplier_text,1899.0,passive,1699.0,4500.0,14.97,AS2421B0,adient_yfjc,autoliv,2015,SUV,1855.0
280,V4,autoliv,2,0,other,,,,,,1,1,1,0,,,0,,,,,0,1,,1,0,,,,,0,0,,1778.0,2295.0,early_supplier_text,2520.0,passive,1740.0,4465.0,17.48,74001-31443,other,,2015,SUV,1890.0
281,V4,autoliv,2,0,takata,,,,,,1,1,1,1,,,1,,,,,1,1,,1,0,,,,,1,1,,1447.0,1998.0,early_supplier_text,1897.0,,1450.0,4870.0,17.4,GV9E-57150,adient_yfjc,takata,2015,B类乘用车,1840.0
282,V4,autoliv,2,1,autoliv,,,,,,1,1,1,1,,,1,,,,,1,1,,1,0,,,,,1,1,,2098.0,1967.0,early_supplier_text,2668.0,active,1794.0,4806.0,22.18,KW-BAJSDZJZY-02,other,autoliv,2015,SUV,1975.0
283,V3,jinheng,2,0,takata,,,,,,1,1,1,1,,,1,,,,,1,1,,1,0,,,,,1,1,,1290.0,1590.0,early_supplier_text,1665.0,active,1526.0,4630.0,10.29,BS3-ZY-QP2,lear,jinheng,2015,A类乘用车,1790.0
284,V3,autoliv,2,1,takata,,,,,,1,1,1,1,,,1,,,,,1,1,,1,0,,,,,1,1,,1585.0,2356.0,early_supplier_text,2030.0,passive,1465.0,4810.0,22.98,1121G0806D02CA,adient_yfjc,autoliv,2015,B类乘用车,1850.0
285,V3,autoliv,2,2,autoliv,,,,,,1,1,1,1,,,0,,,,,1,1,,1,0,,,,,1,1,,1410.0,1485.0,early_supplier_text,1900.0,passive,1745.0,4685.0,7.58,CN200-ZY-FS-01,adient_yfjc,joyson,2015,MPV,1785.0
286,V3,joyson,2,1,joyson,,,,,,1,1,1,1,,,1,,,,,1,1,,1,0,,,,,1,1,,1535.0,1497.0,early_supplier_text,1910.0,active,1695.0,4335.0,10.83,SZ-AABZDZJ2Y-02,other,joyson,2015,SUV,1814.0
287,V3,other,2,2,other,,,,,,1,1,1,1,,,1,,,,,1,1,,1,1,,,,,1,1,,1990.0,1998.0,early_supplier_text,2640.0,passive,1750.0,4855.0,28.68,13-005-S1-2,other,autoliv,2015,MPV,1925.0
288,V3,autoliv,2,0,autoliv,,,,,,1,1,1,1,,,1,,,,,1,1,,1,0,,,,,1,1,,1300.0,1498.0,early_supplier_text,1675.0,passive,1490.0,4587.0,10.98,ED8B-F600L05-A,adient_yfjc,autoliv,2015,A类乘用车,1825.0
289,V3,joyson,2,0,trw_zf,,,,,,1,1,1,1,,,0,,,,,1,1,,1,0,,,,,1,1,,1295.0,1372.0,early_supplier_text,1730.0,active,1463.0,4587.0,15.09,K211 6向,adient_yfjc,autoliv,2015,A类乘用车,1798.0
290,V3,autoliv,2,1,other,,,,,,1,1,1,1,,,0,,,,,1,1,,1,0,,,,,1,1,,1426.0,1591.0,early_supplier_text,1880.0,passive,1645.0,4270.0,15.78,88001-D8130,adient_yfjc,autoliv,2015,SUV,1780.0
291,V3,jinheng,2,2,other,,,,,,1,1,1,1,,,1,,,,,0,1,,1,0,,,,,1,1,,1360.0,1499.0,early_supplier_text,1735.0,passive,1490.0,4750.0,8.98,6800AG,adient_yfjc,jinheng,2015,A类乘用车,1810.0
292,V3,other,2,2,other,,,,,,1,1,1,1,,,1,,,,,1,1,,1,0,,,,,1,1,,1750.0,1999.0,early_supplier_text,2275.0,passive,1720.0,4835.0,12.99,S6J-6800010B,other,other,2015,SUV,1855.0
293,V3,autoliv,2,1,other,,,,,,1,1,1,1,,,1,,,,,1,1,,1,0,,,,,1,1,,1120.0,1586.0,early_supplier_text,1495.0,passive,1475.0,4545.0,11.09,FSF002,adient_yfjc,autoliv,2015,A类乘用车,1730.0
294,V3,jinheng,2,1,jinheng,,,,,,1,1,1,1,,,1,,,,,1,1,,1,0,,,,,1,1,,1375.0,1813.0,early_supplier_text,1775.0,passive,1540.0,4712.0,9.77,G25 6WM,adient_yfjc,autoliv,2015,B类乘用车,1820.0
295,V3,takata,2,0,takata,,,,,,1,1,1,1,,,0,,,,,1,1,,1,0,,,,,1,1,,1105.0,1598.0,early_supplier_text,1585.0,passive,1487.0,3993.0,10.99,6VD881021,other,autoliv,2015,小型乘用车,1732.0
296,V3,other,2,1,takata,,,,,,1,1,1,1,,,1,,,,,1,1,,1,0,,,,,1,1,,1575.0,1992.0,early_supplier_text,2060.0,passive,1680.0,4654.0,14.98,400201-C61X-10,adient_yfjc,other,2015,SUV,1816.0
297,V3,autoliv,2,1,jinheng,,,,,,1,1,1,1,,,0,,,,,0,1,,1,0,,,,,1,1,,1206.0,1497.0,early_supplier_text,1581.0,passive,1493.0,4458.0,6.69,6800ADF,other,autoliv,2015,A类乘用车,1755.0
298,V3,takata,2,2,other,,,,,,1,1,1,1,,,1,,,,,1,1,,1,1,,,,,1,1,,1645.0,2497.0,early_supplier_text,2100.0,passive,1480.0,5020.0,31.08,13-006-S1-5,other,other,2015,B类乘用车,1805.0
299,V3,other,2,2,autoliv,,,,,,1,1,1,1,,,1,,,,,1,1,,1,1,,,,,1,1,,1578.0,2359.0,early_supplier_text,2000.0,active,1485.0,4855.0,21.78,88001-C3050,lear,other,2015,B类乘用车,1865.0
300,V3,takata,2,2,other,,,,,,1,1,1,1,,,1,,,,,1,1,,1,1,,,,,1,1,,1626.0,2498.0,early_supplier_text,2100.0,passive,1673.0,4817.0,30.68,BFS001,other,autoliv,2015,SUV,1840.0
301,V3,takata,2,2,other,,,,,,1,1,1,1,,,1,,,,,1,1,,1,0,,,,,1,1,,1310.0,1798.0,early_supplier_text,1785.0,passive,1480.0,4630.0,15.38,13-002-S1-2,other,other,2015,B类乘用车,1775.0
302,V3,other,2,1,autoliv,,,,,,1,1,1,1,,,1,,,,,1,1,,1,0,,,,,1,1,,1325.0,1591.0,early_supplier_text,1700.0,active,1477.0,4698.0,10.79,AB03(C版）,other,other,2015,A类乘用车,1806.0
303,V3,trw_zf,2,2,trw_zf,,,,,,1,1,1,1,,,1,,,,,1,1,,1,0,,,,,1,1,,1410.0,1598.0,early_supplier_text,1890.0,passive,1445.0,4615.0,17.79,L0314828,lear,trw_zf,2015,A类乘用车,1839.0
304,V3,joyson,2,0,trw_zf,,,,,,1,1,1,1,,,1,,,,,1,1,,1,0,,,,,1,1,,1340.0,1399.0,early_supplier_text,1715.0,passive,1488.0,4612.0,14.99,AP1301803,adient_yfjc,autoliv,2015,A类乘用车,1804.0
305,V3,trw_zf,2,1,trw_zf,,,,,,1,1,1,1,,,1,,,,,1,1,,1,0,,,,,1,1,,1480.0,1598.0,early_supplier_text,1920.0,passive,1485.0,4850.0,13.38,4932-1A※-0000,other,trw_zf,2015,A类乘用车,1830.0
306,V3,trw_zf,2,2,takata,,,,,,1,1,1,1,,,1,,,,,1,1,,1,1,,,,,1,1,,1345.0,1395.0,early_supplier_text,1795.0,passive,1421.0,4462.0,18.74,8VD 881 019,lear,trw_zf,2015,A类乘用车,1796.0
307,V3,joyson,2,1,joyson,,,,,,1,1,1,1,,,1,,,,,1,1,,1,0,,,,,1,1,,1240.0,1499.0,early_supplier_text,1615.0,passive,1660.0,4325.0,7.88,6900100U2231,adient_yfjc,joyson,2015,SUV,1765.0
308,V3,trw_zf,2,2,autoliv,,,,,,1,1,1,1,,,1,,,,,1,1,,1,0,,,,,0,1,,1206.0,1497.0,early_supplier_text,1581.0,passive,1625.0,4170.0,7.99,71200-TFA10,other,trw_zf,2015,SUV,1765.0
309,V3,takata,2,1,takata,,,,,,1,1,1,1,,,1,,,,,1,1,,1,0,,,,,1,1,,1590.0,2253.0,early_supplier_text,2010.0,active,1727.0,4690.0,14.97,G29六向,lear,takata,2015,SUV,1850.0
310,V3,other,1,0,guangda,,,,,,1,0,1,0,,,0,,,,,0,1,,0,0,,,,,0,0,,1206.0,1495.0,early_supplier_text,1581.0,passive,1644.0,4005.0,6.38,6800000-D0001,other,,2015,SUV,1725.0
311,V3,jinheng,2,1,jinheng,,,,,,1,1,1,1,,,0,,,,,1,1,,1,0,,,,,1,1,,1495.0,1971.0,early_supplier_text,1870.0,passive,1740.0,4605.0,11.09,6800ADQ,adient_yfjc,jinheng,2015,SUV,1841.0
312,V3,takata,2,1,autoliv,,,,,,1,1,1,1,,,1,,,,,1,1,,1,0,,,,,1,1,,1525.0,1598.0,early_supplier_text,1960.0,passive,1588.0,4553.0,22.79,CP B754 FS 02,adient_yfjc,joyson,2015,SUV,1858.0
313,V3,other,2,1,other,,,,,,1,1,1,1,,,1,,,,,1,1,,1,0,,,,,1,1,,1459.0,1797.0,early_supplier_text,1860.0,passive,1465.0,4720.0,15.88,88001-D1150,other,other,2015,B类乘用车,1820.0
314,V3,takata,2,1,takata,,,,,,1,1,1,1,,,1,,,,,1,1,,1,0,,,,,1,1,,1747.0,2378.0,early_supplier_text,2272.0,passive,1762.0,4844.0,14.98,4V04-1A1-0000-0,other,takata,2015,SUV,1884.0
315,V3,autoliv,2,1,autoliv,,,,,,1,1,1,1,,,1,,,,,1,1,,1,0,,,,,1,1,,1370.0,1813.0,early_supplier_text,1790.0,passive,1488.0,4750.0,14.17,T91/T93 6WM,faurecia,trw_zf,2015,B类乘用车,1820.0
316,V3,takata,2,0,takata,,,,,,1,1,1,1,,,0,,,,,1,1,,1,0,,,,,1,1,,1302.0,1799.0,early_supplier_text,1770.0,passive,1605.0,4294.0,16.38,B 14 FS01 1S GAJC 101,adient_yfjc,takata,2015,SUV,1772.0
317,V3,takata,2,2,other,,,,,,1,1,1,1,,,1,,,,,1,1,,1,0,,,,,1,1,,1320.0,1798.0,early_supplier_text,1785.0,passive,1480.0,4630.0,15.98,13-001-S1-4,other,other,2014,B类乘用车,1775.0
318,V3,takata,2,1,takata,,,,,,1,1,1,1,,,1,,,,,0,1,,1,0,,,,,1,1,,1186.0,1497.0,early_supplier_text,1561.0,passive,1490.0,4530.0,8.57,D23六向,lear,takata,2014,A类乘用车,1730.0
319,V3,autoliv,2,1,takata,,,,,,1,1,1,1,,,0,,,,,1,1,,1,0,,,,,1,1,,1377.0,1591.0,early_supplier_text,1752.0,passive,1627.0,4270.0,15.68,88001 C9240,adient_yfjc,autoliv,2014,SUV,1780.0
320,V3,autoliv,2,1,autoliv,,,,,,1,1,1,1,,,1,,,,,1,1,,1,0,,,,,1,1,,1475.0,1368.0,early_supplier_text,1905.0,passive,1475.0,4545.0,15.58,2625298,adient_yfjc,trw_zf,2014,A类乘用车,1850.0
321,V3,autoliv,2,2,autoliv,,,,,,1,1,1,1,,,1,,,,,1,1,,1,0,,,,,1,1,,1205.0,1587.0,early_supplier_text,1632.0,passive,1580.0,4180.0,11.97,A94 6WM,faurecia,autoliv,2014,SUV,1745.0
322,V3,joyson,2,2,autoliv,,,,,,1,1,1,1,,,1,,,,,1,1,,1,0,,,,,1,1,,1450.0,1799.0,early_supplier_text,1890.0,passive,1450.0,4670.0,13.98,1C60FPPP,adient_yfjc,joyson,2014,B类乘用车,1790.0
323,V3,other,2,2,autoliv,,,,,,1,1,1,1,,,1,,,,,1,1,,1,1,,,,,1,1,,1240.0,1499.0,early_supplier_text,1595.0,passive,1450.0,3832.0,24.48,FF56-BM2,faurecia,other,2014,小型乘用车,1727.0
324,V3,joyson,2,1,joyson,,,,,,1,1,1,1,,,1,,,,,1,1,,1,0,,,,,1,1,,1640.0,1998.0,early_supplier_text,2050.0,passive,1705.0,4648.0,12.58,E2ZY01YQJ0,honglizhixin,joyson,2014,SUV,1849.0
325,V3,takata,2,0,takata,,,,,,1,1,1,1,,,1,,,,,1,1,,1,0,,,,,1,1,,1540.0,1998.0,early_supplier_text,1930.0,passive,1620.0,4625.0,20.08,KN-A4,other,takata,2014,SUV,1825.0
326,V3,dongfang_jiule,2,1,autoliv,,,,,,1,1,1,1,,,0,,,,,1,1,,1,0,,,,,1,1,,1480.0,1999.0,early_supplier_text,1930.0,passive,1472.0,4800.0,11.98,5EA2-57150,adient_yfjc,dongfang_jiule,2014,B类乘用车,1820.0
327,V3,takata,2,0,takata,,,,,,1,1,1,1,,,0,,,,,1,1,,1,0,,,,,1,1,,1410.0,1372.0,early_supplier_text,1830.0,passive,1674.0,4248.0,14.39,SGM G61,adient_yfjc,autoliv,2014,SUV,1776.0
328,V3,autoliv,2,2,other,,,,,,1,1,1,1,,,0,,,,,0,1,,1,0,,,,,1,1,,1055.0,1496.0,early_supplier_text,1500.0,passive,1495.0,4115.0,8.58,12-005-S1-1,other,other,2014,A类乘用车,1700.0
329,V3,takata,2,1,takata,,,,,,1,1,1,1,,,0,,,,,1,1,,1,0,,,,,1,1,,1250.0,1598.0,early_supplier_text,1750.0,passive,1460.0,4659.0,14.89,5ED 881 021P,adient_yfjc,other,2014,A类乘用车,1814.0
330,V3,autoliv,2,0,other,,,,,,1,1,1,1,,,1,,,,,1,1,,1,0,,,,,1,1,,1310.0,1496.0,early_supplier_text,1820.0,passive,1458.0,4582.0,14.79,BPF8-57150-*,lear,autoliv,2014,A类乘用车,1795.0
331,V3,takata,2,1,takata,,,,,,1,1,1,1,,,0,,,,,1,1,,1,0,,,,,1,1,,1460.0,1997.0,early_supplier_text,1930.0,passive,1725.0,4643.0,19.68,87050 4CT2A,other,autoliv,2014,SUV,1820.0
332,V3,autoliv,2,0,autoliv,,,,,,1,1,1,1,,,1,,,,,1,1,,1,0,,,,,1,1,,1350.0,1591.0,early_supplier_text,1725.0,passive,1630.0,4358.0,10.58,S2AB,other,autoliv,2014,SUV,1823.0
333,V3,other,2,2,autoliv,,,,,,1,1,1,1,,,0,,,,,0,1,,1,0,,,,,1,1,,1321.0,1591.0,early_supplier_text,1750.0,passive,1460.0,4365.0,12.38,88001-B5070,other,other,2014,A类乘用车,1780.0
334,V3,autoliv,2,0,joyson,,,,,,1,1,1,1,,,1,,,,,1,1,,1,1,,,,,1,1,,1659.0,1999.0,early_supplier_text,2034.0,passive,1480.0,4860.0,20.28,MDS73-A600M05-C*,lear,autoliv,2014,B类乘用车,1854.0
335,V3,joyson,2,1,takata,,,,,,1,1,1,1,,,1,,,,,1,1,,1,0,,,,,1,1,,1321.0,1499.0,early_supplier_text,1761.0,passive,1486.0,4582.0,11.98,C50E FL,lear,joyson,2014,A类乘用车,1794.0
336,V3,other,2,0,other,,,,,,1,1,1,1,,,1,,,,,1,1,,1,1,,,,,1,1,,1247.0,1998.0,early_supplier_text,1670.0,passive,1425.0,4240.0,26.9,A1Y10,other,other,2014,A类乘用车,1775.0
337,V3,takata,2,0,takata,,,,,,1,1,1,1,,,0,,,,,1,1,,1,0,,,,,1,1,,1116.0,1498.0,early_supplier_text,1500.0,passive,1525.0,4065.0,11.28,A 14 FS01； 1S GAJC 001,adient_yfjc,takata,2014,A类乘用车,1695.0
338,V3,jinheng,2,2,jinheng,,,,,,1,1,1,1,,,0,,,,,1,1,,1,0,,,,,1,0,,1541.0,1498.0,early_supplier_text,1916.0,passive,1694.0,4631.0,8.68,6800AE(座椅总成)；6808AB（头枕）,adient_yfjc,other,2014,SUV,1893.0
339,V3,takata,2,1,autoliv,,,,,,1,1,1,1,,,1,,,,,1,1,,1,0,,,,,1,1,,1540.0,1598.0,early_supplier_text,1987.0,passive,1520.0,4530.0,24.0,9805979777,adient_yfjc,trw_zf,2014,A类乘用车,1871.0
340,V3,autoliv,2,0,takata,,,,,,1,1,1,1,,,1,,,,,1,1,,1,1,,,,,1,1,,1840.0,1998.0,early_supplier_text,2260.0,passive,1501.0,5131.0,31.29,SGM E18,lear,takata,2014,B类乘用车,1852.0
341,V3,other,2,1,other,,,,,,1,1,1,1,,,1,,,,,1,1,,1,0,,,,,1,1,,1170.0,1586.0,early_supplier_text,1544.0,passive,1585.0,4300.0,18.98,FSE002,adient_yfjc,trw_zf,2014,SUV,1765.0
342,V3,autoliv,2,1,other,,,,,,1,1,1,1,,,1,,,,,1,1,,1,0,,,,,1,1,,1674.0,2488.0,early_supplier_text,2150.0,passive,1691.0,4522.0,24.78,870506595R,other,autoliv,2014,SUV,1855.0
343,V3,autoliv,2,1,autoliv,,,,,,1,1,1,1,,,1,,,,,1,1,,1,0,,,,,1,1,,1350.0,1598.0,early_supplier_text,1725.0,passive,1483.0,4652.0,10.39,6800ADP,adient_yfjc,autoliv,2014,A类乘用车,1825.0
344,V3,autoliv,2,0,takata,,,,,,1,1,1,1,,,1,,,,,1,1,,1,0,,,,,1,1,,1455.0,1998.0,early_supplier_text,1905.0,passive,1710.0,4555.0,18.38,KR11-57150-*,lear,joyson,2014,SUV,1840.0
345,V3,joyson,2,1,joyson,,,,,,1,1,1,1,,,1,,,,,1,1,,1,0,,,,,1,1,,1330.0,1598.0,early_supplier_text,1705.0,passive,1485.0,4425.0,13.18,C9ZY01YKJ0,other,joyson,2014,A类乘用车,1815.0
346,V3,autoliv,2,2,other,,,,,,1,1,1,1,,,0,,,,,0,1,,1,0,,,,,1,1,,1050.0,1496.0,early_supplier_text,1500.0,passive,1490.0,4410.0,9.58,12-007-S1-2,other,other,2014,A类乘用车,1700.0
347,V3,other,2,0,autoliv,,,,,,1,1,1,0,,,0,,,,,0,1,,1,0,,,,,0,0,,1140.0,1497.0,early_supplier_text,1515.0,passive,1495.0,4545.0,6.28,NA01,other,other,2014,A类乘用车,1737.0
348,V3,trw_zf,2,0,trw_zf,,,,,,1,1,1,1,,,1,,,,,1,1,,1,0,,,,,1,1,,1295.0,1499.0,early_supplier_text,1670.0,passive,1658.0,4280.0,12.78,CN15-A600L05-D*,lear,trw_zf,2014,SUV,1785.0
349,V3,autoliv,2,0,other,,,,,,1,1,1,0,,,0,,,,,1,1,,0,0,,,,,0,0,,1743.0,2359.0,early_supplier_text,2505.0,active,1700.0,4685.0,24.7,88009 2PBC0,other,other,2014,SUV,1885.0
350,V3,other,2,2,other,,,,,,1,1,1,1,,,1,,,,,1,1,,1,0,,,,,1,1,,1495.0,1999.0,early_supplier_text,1900.0,,1470.0,4710.0,18.98,88001-B3240,other,other,2014,B类乘用车,1820.0
351,V3,joyson,2,1,joyson,,,,,,1,1,1,1,,,1,,,,,0,1,,1,0,,,,,1,1,,1110.0,1499.0,early_supplier_text,1485.0,passive,1505.0,4435.0,6.98,6900100U8513,adient_yfjc,joyson,2014,A类乘用车,1725.0
352,V3,autoliv,2,0,takata,,,,,,1,1,1,1,,,1,,,,,1,1,,1,0,,,,,1,1,,1750.0,2384.0,early_supplier_text,2162.0,passive,1502.0,4996.0,21.19,BP31,adient_yfjc,takata,2014,B类乘用车,1857.0
353,V3,other,2,1,autoliv,,,,,,1,1,1,1,,,1,,,,,1,1,,1,0,,,,,1,1,,1140.0,1497.0,early_supplier_text,1515.0,passive,1495.0,4545.0,7.98,NA02,other,other,2014,A类乘用车,1737.0
354,V3,takata,2,1,takata,,,,,,1,1,1,1,,,1,,,,,1,1,,1,0,,,,,1,1,,1555.0,2356.0,early_supplier_text,1970.0,passive,1470.0,4930.0,22.98,AC13 FS07 GZTS 111,tachis,autoliv,2014,B类乘用车,1845.0
355,V3,takata,2,0,autoliv,,,,,,1,1,1,1,,,0,,,,,0,1,,1,0,,,,,1,1,,1423.0,1798.0,early_supplier_text,2030.0,passive,1500.0,4660.0,14.98,1421G4000A30CA,adient_yfjc,autoliv,2014,A类乘用车,1775.0
356,V3,takata,2,1,autoliv,,,,,,1,1,1,1,,,1,,,,,1,1,,1,0,,,,,1,1,,1120.0,1598.0,early_supplier_text,1600.0,passive,1469.0,4501.0,10.69,32D 881 021Q,adient_yfjc,takata,2014,A类乘用车,1706.0
357,V3,takata,2,1,takata,,,,,,1,1,1,1,,,0,,,,,1,1,,1,0,,,,,1,1,,1300.0,1798.0,early_supplier_text,1675.0,active,1505.0,4650.0,13.48,CG14 FS03 GZTS 001,tachis,takata,2013,B类乘用车,1750.0
358,V3,dongfang_jiule,2,2,other,,,,,,1,1,1,1,,,0,,,,,0,1,,1,0,,,,,1,1,,1580.0,1997.0,early_supplier_text,1955.0,passive,1710.0,4568.0,11.38,E31-POW6800-#,lear,dongfang_jiule,2013,SUV,1855.0
359,V3,autoliv,2,2,autoliv,,,,,,1,1,1,1,,,1,,,,,1,1,,1,1,,,,,1,1,,1468.0,1984.0,early_supplier_text,2010.0,,1439.0,4369.0,19.19,LMOD30615602,other,autoliv,2013,A类乘用车,1890.0
360,V3,trw_zf,2,1,trw_zf,,,,,,1,1,1,1,,,1,,,,,1,1,,1,0,,,,,1,1,,1520.0,1997.0,early_supplier_text,1951.0,passive,1652.0,4428.0,17.47,T188 8WP,adient_yfjc,trw_zf,2013,SUV,1840.0
361,V3,other,2,2,takata,,,,,,1,1,1,1,,,1,,,,,1,1,,1,1,,,,,1,1,,1615.0,2494.0,early_supplier_text,2130.0,passive,1670.0,4570.0,23.98,2304062,adient_yfjc,autoliv,2013,SUV,1845.0
362,V3,autoliv,2,0,autoliv,,,,,,1,1,1,1,,,1,,,,,1,1,,1,0,,,,,1,1,,1505.0,1997.0,early_supplier_text,1880.0,,1680.0,4475.0,13.18,6900100U1521,adient_yfjc,autoliv,2013,SUV,1840.0
363,V3,takata,2,1,takata,,,,,,1,1,1,1,,,1,,,,,1,1,,1,0,,,,,1,1,,1570.0,2259.0,early_supplier_text,2060.0,,1695.0,4586.0,15.98,5CA1-57150,adient_yfjc,takata,2013,SUV,1820.0
364,V3,autoliv,2,2,takata,,,,,,1,1,1,1,,,1,,,,,1,1,,1,1,,,,,1,1,,1404.0,1595.0,early_supplier_text,1920.0,passive,1419.0,4355.0,25.2,"Type3,座椅头枕一体",adient_yfjc,autoliv,2013,A类乘用车,1780.0
365,V3,trw_zf,2,1,trw_zf,,,,,,1,1,1,1,,,0,,,,,1,1,,1,0,,,,,1,1,,1120.0,1598.0,early_supplier_text,1600.0,passive,1470.0,4487.0,10.63,31G881021S,adient_yfjc,trw_zf,2013,A类乘用车,1706.0
366,V3,autoliv,2,1,autoliv,,,,,,1,1,1,1,,,1,,,,,1,1,,1,0,,,,,1,1,,1265.0,1598.0,early_supplier_text,1640.0,passive,1490.0,4570.0,11.98,4922-1A3*-0000,other,autoliv,2013,A类乘用车,1790.0
367,V3,joyson,2,1,joyson,,,,,,1,1,1,0,,,0,,,,,0,1,,1,0,,,,,0,1,,1270.0,1598.0,early_supplier_text,1645.0,passive,1635.0,4160.0,8.29,E1ZY01YKJ0,lear,joyson,2013,SUV,1810.0
368,V3,takata,2,0,autoliv,,,,,,1,1,1,1,,,1,,,,,1,1,,1,1,,,,,1,1,,1849.0,3600.0,early_supplier_text,2359.0,,1488.0,5066.0,34.19,2RK541L9**,lear,other,2013,B类乘用车,1902.0
369,V3,autoliv,2,0,other,,,,,,1,1,1,1,,,1,,,,,1,1,,1,0,,,,,1,1,,1747.0,2359.0,early_supplier_text,2510.0,active,1686.0,4725.0,25.68,88001-A1120,other,autoliv,2013,SUV,1880.0
370,V3,other,2,1,other,,,,,,1,1,1,1,,,1,,,,,1,1,,1,0,,,,,1,1,,1330.0,1497.0,early_supplier_text,1705.0,passive,1490.0,4680.0,7.59,BYDSHL1A-01,other,other,2013,A类乘用车,1765.0
371,V3,autoliv,2,0,autoliv,,,,,,1,1,1,1,,,1,,,,,1,1,,1,1,,,,,1,1,,1756.0,1998.0,early_supplier_text,2131.0,passive,1695.0,4524.0,25.28,MDV45-F600M05-C*,lear,autoliv,2013,SUV,1838.0
372,V3,takata,2,0,takata,,,,,,1,1,1,1,,,1,,,,,1,1,,1,0,,,,,1,1,,1936.0,2354.0,early_supplier_text,2480.0,passive,1805.0,4935.0,31.18,EL13 FS07 H1,tachis,takata,2013,MPV,1845.0
373,V3,autoliv,2,0,takata,,,,,,1,1,1,1,,,1,,,,,0,1,,1,1,,,,,1,1,,1370.0,1998.0,early_supplier_text,1970.0,passive,1615.0,4295.0,13.88,6900C737ZZ,other,autoliv,2013,SUV,1770.0
374,V3,other,2,1,autoliv,,,,,,1,1,1,1,,,1,,,,,1,1,,1,0,,,,,1,0,,1120.0,1598.0,early_supplier_text,1600.0,passive,1469.0,4473.0,11.38,34D 881 021AR,adient_yfjc,takata,2013,A类乘用车,1706.0
375,V3,jinheng,2,1,jinheng,,,,,,1,1,1,1,,,0,,,,,0,1,,1,0,,,,,1,1,,1170.0,1499.0,early_supplier_text,1590.0,active,1475.0,4570.0,7.98,LH-V5-FL01,other,jinheng,2013,A类乘用车,1770.0
376,V3,autoliv,2,1,autoliv,,,,,,1,1,1,0,,,0,,,,,0,1,,1,0,,,,,0,0,,1402.0,1997.0,early_supplier_text,1838.0,,1488.0,4618.0,14.98,870502887R,other,other,2013,B类乘用车,1813.0
377,V3,trw_zf,2,0,trw_zf,,,,,,1,1,1,1,,,0,,,,,0,1,,1,0,,,,,0,1,,1580.0,1971.0,early_supplier_text,2030.0,passive,1473.0,4717.0,10.68,88001-4V000,other,trw_zf,2013,B类乘用车,1794.0
378,V3,autoliv,2,0,takata,,,,,,1,1,1,1,,,0,,,,,1,1,,1,0,,,,,1,0,,1565.0,1998.0,early_supplier_text,1985.0,passive,1472.0,4869.0,16.19,SGM E12,adient_yfjc,takata,2013,B类乘用车,1854.0
379,V3,joyson,2,1,joyson,,,,,,1,1,1,1,,,1,,,,,1,1,,1,0,,,,,1,1,,1595.0,1798.0,early_supplier_text,1790.0,passive,1500.0,4900.0,14.98,C5ZY01YKJ0,other,joyson,2013,B类乘用车,1860.0
380,V3,joyson,2,1,autoliv,,,,,,1,1,1,1,,,1,,,,,1,1,,1,0,,,,,1,1,,1600.0,2290.0,early_supplier_text,2040.0,active,1462.0,4861.0,21.38,L0318875/A00002700,lear,joyson,2013,B类乘用车,1820.0
381,V3,jinheng,2,1,jinheng,,,,,,1,1,1,1,,,1,,,,,0,1,,1,0,,,,,1,1,,1207.0,1498.0,early_supplier_text,1597.0,passive,1480.0,4390.0,6.04,2327680,adient_yfjc,jinheng,2013,A类乘用车,1703.0
382,V3,takata,2,0,autoliv,,,,,,1,1,1,1,,,0,,,,,1,1,,1,0,,,,,1,1,,1283.0,1197.0,early_supplier_text,1358.0,passive,1486.0,4278.0,18.18,,lear,trw_zf,2013,A类乘用车,1808.0
383,V3,takata,2,2,takata,,,,,,1,1,1,1,,,1,,,,,1,1,,1,0,,,,,1,1,,1469.0,2488.0,early_supplier_text,1900.0,passive,1490.0,4868.0,20.58,1LLP,other,autoliv,2013,B类乘用车,1830.0
384,V3,trw_zf,2,2,autoliv,,,,,,1,1,1,1,,,1,,,,,1,1,,1,0,,,,,1,0,,1540.0,1997.0,early_supplier_text,1990.0,,1455.0,4734.0,31.55,FL7X-BE1,faurecia,trw_zf,2013,B类乘用车,1811.0
385,V3,takata,2,0,autoliv,,,,,,1,1,1,1,,,1,,,,,1,1,,1,0,,,,,1,1,,1285.0,1598.0,early_supplier_text,1795.0,passive,1460.0,4605.0,14.69,18D 881 021EM,adient_yfjc,takata,2013,A类乘用车,1765.0
386,V3,other,2,2,takata,,,,,,1,1,1,1,,,0,,,,,0,1,,1,0,,,,,1,1,,1233.0,1591.0,early_supplier_text,1608.0,,1445.0,4570.0,11.28,88001-4V000,other,other,2013,A类乘用车,1775.0
387,V3,autoliv,2,1,autoliv,,,,,,1,1,1,1,,,1,,,,,1,1,,1,0,,,,,1,1,,1372.0,1587.0,early_supplier_text,1783.0,passive,1498.0,4620.0,13.69,FL B73-6WM,faurecia,autoliv,2013,A类乘用车,1780.0
388,V3,joyson,2,0,trw_zf,,,,,,1,1,1,1,,,1,,,,,1,1,,1,0,,,,,1,1,,1295.0,1498.0,early_supplier_text,1670.0,,1492.0,4363.0,11.07,AP1201802,adient_yfjc,autoliv,2013,A类乘用车,1800.0
389,V3,jinheng,0,0,other,,,,,,0,0,1,1,,,0,,,,,1,1,,1,0,,,,,0,0,,1370.0,1590.0,early_supplier_text,1745.0,passive,1739.0,4347.0,8.34,LZ6430BQP3,other,other,2013,SUV,1835.0
390,V3,other,2,2,autoliv,,,,,,1,1,1,1,,,0,,,,,0,1,,1,0,,,,,1,1,,1230.0,1591.0,early_supplier_text,1700.0,passive,1445.0,4600.0,11.18,88001-B5070,other,other,2013,A类乘用车,1780.0
391,V3,joyson,2,0,trw_zf,,,,,,1,1,1,1,,,0,,,,,0,1,,1,0,,,,,1,0,,1280.0,1498.0,early_supplier_text,1655.0,,1492.0,4363.0,8.47,AP1201801,adient_yfjc,other,2013,A类乘用车,1800.0
392,V3,jinheng,0,0,other,,,,,,0,0,1,0,,,0,,,,,0,1,,1,0,,,,,0,0,,995.0,1497.0,early_supplier_text,1370.0,passive,1500.0,4290.0,5.0,71100-TXA70,other,other,2013,A类乘用车,1680.0
393,V3,jinheng,2,1,takata,,,,,,1,1,1,1,,,1,,,,,0,1,,1,0,,,,,1,1,,1127.0,1498.0,early_supplier_text,1502.0,passive,1505.0,3919.0,5.68,CE-1&2,adient_yfjc,jinheng,2013,小型乘用车,1745.0
394,V3,autoliv,2,0,autoliv,,,,,,1,1,1,0,,,1,,,,,0,1,,0,0,,,,,0,1,,1310.0,1591.0,early_supplier_text,1750.0,,1409.0,4250.0,16.68,,other,autoliv,2013,A类乘用车,1805.0
395,V3,takata,2,0,takata,,,,,,1,1,1,1,,,0,,,,,1,1,,1,0,,,,,1,1,,1420.0,1364.0,early_supplier_text,1840.0,,1646.0,4278.0,17.69,G60,adient_yfjc,autoliv,2012,SUV,1774.0
396,V3,autoliv,2,0,takata,,,,,,1,1,1,1,,,0,,,,,0,1,,0,0,,,,,1,0,,1215.0,1799.0,early_supplier_text,1680.0,,1450.0,4545.0,10.38,81500-TX3-H0-M1,tachis,other,2012,B类乘用车,1755.0
397,V3,autoliv,2,0,autoliv,,,,,,1,1,1,1,,,1,,,,,0,1,,1,0,,,,,1,1,,1255.0,1497.0,early_supplier_text,1680.0,,1488.0,4650.0,8.78,JZ-BZDZY-01,other,autoliv,2012,A类乘用车,1775.0
398,V3,autoliv,2,1,autoliv,,,,,,1,1,1,1,,,1,,,,,1,1,,1,0,,,,,1,1,,1490.0,1368.0,early_supplier_text,1920.0,,1471.0,4679.0,15.58,735530905,adient_yfjc,trw_zf,2012,A类乘用车,1850.0
399,V3,trw_zf,2,1,autoliv,,,,,,1,1,1,1,,,0,,,,,0,1,,1,0,,,,,1,1,,1470.0,1390.0,early_supplier_text,1930.0,,1475.0,4865.0,19.08,3AD 857 805,autoliv,takata,2012,A类乘用车,1820.0
400,V3,autoliv,2,,autoliv,,,,,,1,1,1,1,,,1,,,,,0,1,,1,,,,,,0,0,,1115.0,1598.0,early_supplier_text,1545.0,passive,1535.0,4480.0,6.78,87050,lear,,2012,A类乘用车,1695.0
401,V3,jinheng,0,0,jinheng,,,,,,0,0,1,1,,,0,,,,,0,1,,1,0,,,,,1,0,,1090.0,1499.0,early_supplier_text,1490.0,,1503.0,3998.0,6.68,116900030/4R22-1B1-0000Z,other,other,2012,小型乘用车,1720.0
402,V3,jinheng,2,0,jinheng,,,,,,1,1,1,1,,,1,,,,,0,1,,1,0,,,,,1,1,,1090.0,1499.0,early_supplier_text,1490.0,,1503.0,3998.0,8.48,116800020/4R21-1A1-0000Z,other,jinheng,2012,小型乘用车,1720.0
403,V3,joyson,2,1,joyson,,,,,,1,1,1,1,,,1,,,,,1,1,,1,0,,,,,1,1,,1325.0,1598.0,early_supplier_text,1700.0,,1490.0,4620.0,8.59,ZY01YKJ0,other,joyson,2012,A类乘用车,1820.0
404,V3,other,2,0,other,,,,,,1,1,1,0,,,0,,,,,0,1,,0,0,,,,,0,0,,888.0,999.0,early_supplier_text,1263.0,,1502.0,3662.0,4.38,MA02,other,other,2012,小型乘用车,1540.0
405,V3,takata,2,0,autoliv,,,,,,1,1,1,1,,,1,,,,,1,1,,1,0,,,,,1,1,,1634.0,2354.0,early_supplier_text,2100.0,,1685.0,4550.0,25.28,81500-TOT-W8-H1,tachis,takata,2012,SUV,1820.0
406,V3,joyson,2,0,autoliv,,,,,,1,1,1,1,,,0,,,,,0,1,,1,0,,,,,1,0,,1206.0,1485.0,early_supplier_text,1618.0,,1462.0,4597.0,6.28,GP50-ZY-Q02,adient_yfjc,other,2012,A类乘用车,1736.0
407,V2,,,,,,,,,,1,1,1,1,,,0,,,,,0,1,,1,,,,,,1,0,,1840.0,2351.0,early_supplier_text,2550.0,,1890.0,4980.0,14.58,,,,2012,SUV,1870.0
408,V2,,,,,,,,,,1,1,1,1,,,1,,,,,0,1,,1,,,,,,1,1,,1485.0,1792.0,early_supplier_text,1860.0,,1700.0,4541.0,10.59,,,,2012,SUV,1833.0
409,V2,,,,,,,,,,1,1,1,1,,,1,,,,,0,1,,1,,,,,,1,1,,1325.0,1999.0,early_supplier_text,1810.0,,1478.0,4595.0,15.28,,,,2012,B类乘用车,1755.0
410,V2,,,,,,,,,,1,1,1,0,,,0,,,,,0,1,,1,,,,,,1,1,,1330.0,1794.0,early_supplier_text,1705.0,,1690.0,4325.0,8.28,,,,2012,SUV,1790.0
411,V2,,,,,,,,,,1,1,1,1,,,0,,,,,0,1,,1,,,,,,1,1,,1325.0,1499.0,early_supplier_text,1700.0,,1486.0,4565.0,6.7,,,,2012,A类乘用车,1766.0
412,V2,,,,,,,,,,1,1,1,1,,,1,,,,,0,1,,1,,,,,,1,1,,1600.0,1969.0,early_supplier_text,2050.0,,1680.0,4732.0,15.28,,,,2012,SUV,1854.0
413,V2,,,,,,,,,,1,1,1,1,,,1,,,,,0,1,,1,,,,,,1,1,,1525.0,1798.0,early_supplier_text,2125.0,,1640.0,4450.0,16.28,,,,2012,A类乘用车,1790.0
414,V2,,,,,,,,,,1,1,1,1,,,0,,,,,1,1,,1,,,,,,1,1,,1338.0,1596.0,early_supplier_text,1713.0,,1483.0,4534.0,14.39,,,,2012,A类乘用车,1823.0
415,V2,,,,,,,,,,1,1,1,1,,,1,,,,,0,1,,1,,,,,,1,1,,1340.0,1587.0,early_supplier_text,1774.0,,1505.0,4558.0,10.79,,,,2012,A类乘用车,1805.0
416,V2,,,,,,,,,,1,1,1,1,,,1,,,,,0,1,,1,,,,,,1,1,,1211.0,1598.0,early_supplier_text,1640.0,,1523.0,4298.0,13.73,,,,2012,A类乘用车,1760.0
417,V2,,,,,,,,,,1,1,1,1,,,0,,,,,1,1,,1,,,,,,0,1,,1115.0,1497.0,early_supplier_text,1565.0,,1465.0,4485.0,7.28,,,,2012,A类乘用车,1660.0
418,V2,,,,,,,,,,0,0,1,0,,,0,,,,,0,1,,0,,,,,,0,0,,900.0,999.0,early_supplier_text,1275.0,,1490.0,3580.0,4.29,,,,2012,小型乘用车,1570.0
419,V2,,,,,,,,,,1,1,1,1,,,1,,,,,0,1,,1,,,,,,1,1,,1290.0,1997.0,early_supplier_text,1715.0,,1515.0,4680.0,13.98,,,,2012,B类乘用车,1720.0
420,V2,,,,,,,,,,1,1,1,0,,,0,,,,,0,1,,1,,,,,,0,0,,1040.0,1206.0,early_supplier_text,1440.0,,1503.0,4249.0,5.38,,,,2012,A类乘用车,1690.0
421,V2,,,,,,,,,,1,1,1,1,,,1,,,,,0,1,,1,,,,,,1,1,,1325.0,1598.0,early_supplier_text,1700.0,,1478.0,4610.0,8.38,,,,2012,A类乘用车,1760.0
422,V2,,,,,,,,,,1,1,1,1,,,1,,,,,0,1,,1,,,,,,1,1,,1085.0,1591.0,early_supplier_text,1500.0,,1460.0,4370.0,10.89,,,,2012,A类乘用车,1700.0
423,V2,,,,,,,,,,1,1,1,1,,,0,,,,,0,1,,0,,,,,,1,0,,1774.0,1796.0,early_supplier_text,2149.0,,1765.0,4676.0,18.68,,,,2012,SUV,1888.0
424,V2,,,,,,,,,,1,1,1,1,,,0,,,,,0,1,,1,,,,,,1,0,,1615.0,1996.0,early_supplier_text,2125.0,,1745.0,4640.0,13.18,,,,2012,SUV,1825.0
425,V2,,,,,,,,,,1,1,1,1,,,1,,,,,0,1,,1,,,,,,1,1,,1490.0,2494.0,early_supplier_text,2000.0,,1480.0,4825.0,21.98,,,,2012,B类乘用车,1825.0
426,V2,,,,,,,,,,1,1,1,1,,,1,,,,,0,1,,1,,,,,,1,1,,1440.0,1991.0,early_supplier_text,1814.0,,1463.0,4860.0,8.88,,,,2012,B类乘用车,1825.0
427,V2,,,,,,,,,,1,1,1,1,,,1,,,,,0,1,,1,,,,,,1,1,,1520.0,1798.0,early_supplier_text,2060.0,,1472.0,4870.0,23.98,,,,2012,B类乘用车,1834.0
428,V2,,,,,,,,,,1,1,1,1,,,1,,,,,0,1,,1,,,,,,1,1,,1960.0,2198.0,early_supplier_text,2450.0,,1760.0,4800.0,26.8,,,,2012,SUV,1930.0
429,V2,,,,,,,,,,1,1,1,1,,,1,,,,,0,1,,1,,,,,,1,1,,1340.0,1590.0,early_supplier_text,1730.0,,1475.0,4708.0,10.28,,,,2012,A类乘用车,1788.0
430,V2,,,,,,,,,,1,1,1,1,,,0,,,,,0,1,,1,,,,,,1,1,,1210.0,1399.0,early_supplier_text,1626.0,,1517.0,4399.0,8.6,,,,2012,A类乘用车,1735.0
431,V2,,,,,,,,,,1,1,1,1,,,0,,,,,0,1,,1,,,,,,1,1,,1423.0,1998.0,early_supplier_text,1798.0,,1690.0,4420.0,18.08,,,,2012,SUV,1820.0
432,V2,,,,,,,,,,1,1,1,1,,,0,,,,,0,1,,1,,,,,,1,1,,1325.0,1488.0,early_supplier_text,1690.0,,1465.0,4590.0,8.0,,,,2011,A类乘用车,1765.0
433,V2,,,,,,,,,,1,1,1,1,,,0,,,,,0,1,,1,,,,,,1,1,,1255.0,1798.0,early_supplier_text,1680.0,,1450.0,4535.0,13.98,,,,2011,B类乘用车,1755.0
434,V2,,,,,,,,,,1,1,1,1,,,1,,,,,0,1,,1,,,,,,1,1,,1500.0,1998.0,early_supplier_text,1875.0,,1475.0,4820.0,19.29,,,,2011,B类乘用车,1835.0
435,V2,,,,,,,,,,1,1,1,0,,,0,,,,,0,1,,0,,,,,,0,0,,981.0,1339.0,early_supplier_text,1356.0,,1530.0,3760.0,4.79,,,,2011,小型乘用车,1680.0
436,V2,,,,,,,,,,1,1,1,1,,,0,,,,,0,1,,1,,,,,,1,1,,1270.0,1598.0,early_supplier_text,1645.0,,1480.0,4535.0,8.18,,,,2011,A类乘用车,1740.0
437,V2,,,,,,,,,,1,1,1,1,,,1,,,,,0,1,,1,,,,,,1,1,,1620.0,1991.0,early_supplier_text,1995.0,,1725.0,4810.0,10.7,,,,2011,SUV,1855.0
438,V2,,,,,,,,,,1,1,1,1,,,0,,,,,0,1,,1,,,,,,1,1,,1423.0,1999.0,early_supplier_text,1980.0,,1660.0,4440.0,18.1,,,,2011,SUV,1855.0
439,V2,,,,,,,,,,1,1,1,1,,,1,,,,,0,1,,1,,,,,,1,1,,1520.0,1997.0,early_supplier_text,1930.0,,1495.0,4905.0,11.68,,,,2011,B类乘用车,1830.0
440,V2,,,,,,,,,,1,1,1,1,,,1,,,,,0,1,,1,,,,,,0,1,,1569.0,2253.0,early_supplier_text,1998.0,,1465.0,4826.0,20.97,,,,2011,B类乘用车,1855.0
441,V2,,,,,,,,,,1,1,1,1,,,1,,,,,0,1,,1,,,,,,1,1,,1930.0,2997.0,early_supplier_text,2470.0,,1800.0,5256.0,38.8,,,,2011,MPV,1878.0
442,V2,,,,,,,,,,1,1,1,1,,,1,,,,,0,1,,1,,,,,,1,1,,1545.0,2497.0,early_supplier_text,1920.0,,1450.0,4735.0,21.98,,,,2011,B类乘用车,1795.0
443,V2,,,,,,,,,,0,0,1,0,,,0,,,,,0,1,,0,,,,,,0,0,,1060.0,1298.0,early_supplier_text,1460.0,,1615.0,3900.0,5.29,,,,2011,小型乘用车,1710.0
444,V2,,,,,,,,,,1,1,1,0,,,0,,,,,0,1,,0,,,,,,0,0,,993.0,1339.0,early_supplier_text,1435.0,,1495.0,4420.0,6.98,,,,2011,A类乘用车,1690.0
445,V2,,,,,,,,,,1,1,1,1,,,0,,,,,0,1,,1,,,,,,1,0,,1510.0,1796.0,early_supplier_text,2000.0,,1511.0,4943.0,8.38,,,,2011,B类乘用车,1852.0
446,V2,,,,,,,,,,1,1,1,1,,,0,,,,,0,1,,1,,,,,,1,1,,1092.0,1390.0,early_supplier_text,1572.0,,1462.0,3970.0,9.29,,,,2011,小型乘用车,1682.0
447,V2,,,,,,,,,,1,1,1,1,,,1,,,,,0,1,,1,,,,,,1,1,,1445.0,1998.0,early_supplier_text,1930.0,,1460.0,4845.0,19.18,,,,2011,B类乘用车,1830.0
448,V2,,,,,,,,,,1,1,1,1,,,1,,,,,0,1,,0,,,,,,1,1,,1175.0,1498.0,early_supplier_text,1550.0,,1528.0,4079.0,10.3,,,,2011,A类乘用车,1739.0
449,V2,,,,,,,,,,1,1,1,1,,,1,,,,,1,1,,1,,,,,,1,1,,1620.0,2362.0,early_supplier_text,2100.0,,1720.0,4630.0,23.88,,,,2011,SUV,1855.0
450,V2,,,,,,,,,,1,1,1,0,,,0,,,,,0,1,,0,,,,,,0,0,,1976.0,1971.0,early_supplier_text,2547.0,,1836.0,4697.0,13.78,,,,2011,SUV,1878.0
451,V2,,,,,,,,,,1,1,0,0,,,0,,,,,0,1,,0,,,,,,0,0,,1355.0,1598.0,early_supplier_text,1960.0,,1847.0,4400.0,9.98,,,,2011,MPV,1695.0
452,V2,,,,,,,,,,1,1,1,0,,,0,,,,,0,1,,0,,,,,,0,0,,1330.0,1598.0,early_supplier_text,1705.0,,1579.0,4384.0,8.13,,,,2011,A类乘用车,1718.0
453,V2,,,,,,,,,,1,1,1,0,,,1,,,,,1,1,,1,,,,,,0,0,,1600.0,1998.0,early_supplier_text,2015.0,,1485.0,4860.0,15.68,,,,2011,B类乘用车,1845.0
454,V2,,,,,,,,,,1,1,1,0,,,0,,,,,0,1,,0,,,,,,0,0,,1069.0,1498.0,early_supplier_text,1510.0,,1514.0,4426.0,10.28,,,,2011,A类乘用车,1696.0
455,V2,,,,,,,,,,1,1,1,1,,,1,,,,,0,1,,1,,,,,,1,1,,1545.0,1984.0,early_supplier_text,2000.0,,1417.0,4799.0,27.78,,,,2011,B类乘用车,1855.0
456,V2,,,,,,,,,,1,1,1,1,,,1,,,,,0,1,,1,,,,,,1,1,,1490.0,1969.0,early_supplier_text,1925.0,,1484.0,4800.0,17.98,,,,2011,B类乘用车,1819.0
457,V2,,,,,,,,,,1,1,1,1,,,0,,,,,0,1,,1,,,,,,1,1,,1125.0,1497.0,early_supplier_text,1500.0,,1480.0,4452.0,6.59,,,,2011,A类乘用车,1705.0
458,V2,,,,,,,,,,1,1,1,0,,,0,,,,,0,1,,0,,,,,,0,0,,1198.0,1591.0,early_supplier_text,1645.0,,1663.0,4096.0,9.8,,,,2011,A类乘用车,1785.0
459,V2,,,,,,,,,,1,1,1,0,,,1,,,,,1,1,,1,,,,,,0,1,,1380.0,1599.0,early_supplier_text,1790.0,,1478.0,4671.0,13.77,,,,2011,A类乘用车,1815.0
460,V2,,,,,,,,,,1,1,1,1,,,0,,,,,0,1,,1,,,,,,1,1,,1065.0,1396.0,early_supplier_text,1440.0,,1460.0,4340.0,10.19,,,,2011,A类乘用车,1700.0
461,V2,,,,,,,,,,1,1,1,1,,,1,,,,,0,1,,1,,,,,,1,1,,1280.0,1792.0,early_supplier_text,1670.0,,1470.0,4635.0,8.68,,,,2010,B类乘用车,1789.0
462,V2,,,,,,,,,,1,1,1,1,,,1,,,,,0,1,,1,,,,,,1,1,,1102.0,1498.0,early_supplier_text,1477.0,,1467.0,3950.0,9.09,,,,2010,小型乘用车,1722.0
463,V2,,,,,,,,,,1,1,0,0,,,1,,,,,0,1,,0,,,,,,0,1,,1860.0,2359.0,early_supplier_text,2505.0,,1760.0,4660.0,28.38,,,,2010,SUV,1890.0
464,V2,,,,,,,,,,0,1,1,0,,,0,,,,,0,1,,0,,,,,,0,0,,1200.0,1587.0,early_supplier_text,1575.0,,1465.0,4502.0,6.8,,,,2010,A类乘用车,1740.0
465,V2,,,,,,,,,,0,0,0,0,,,0,,,,,0,1,,0,,,,,,0,0,,1750.0,1997.0,early_supplier_text,2510.0,,1830.0,4600.0,9.4,,,,2010,SUV,1860.0
466,V2,,,,,,,,,,1,1,1,1,,,1,,,,,0,1,,1,,,,,,1,1,,1680.0,1798.0,early_supplier_text,2055.0,,1685.0,4525.0,26.68,,,,2010,SUV,1809.0
467,V2,,,,,,,,,,1,1,1,1,,,1,,,,,0,1,,1,,,,,,1,1,,1420.0,1587.0,early_supplier_text,1845.0,,1525.0,4680.0,14.19,,,,2010,A类乘用车,1815.0
468,V2,,,,,,,,,,1,1,1,0,,,1,,,,,0,1,,1,,,,,,0,1,,1515.0,1994.0,early_supplier_text,2015.0,,1700.0,4560.0,24.78,,,,2010,SUV,1780.0
469,V2,,,,,,,,,,1,1,1,0,,,0,,,,,0,1,,0,,,,,,0,0,,1055.0,1332.0,early_supplier_text,1430.0,,1480.0,3890.0,5.59,,,,2010,小型乘用车,1695.0
470,V2,,,,,,,,,,1,0,1,0,,,0,,,,,0,1,,0,,,,,,0,0,,1120.0,1497.0,early_supplier_text,1495.0,,1475.0,4360.0,5.49,,,,2010,A类乘用车,1710.0
471,V2,,,,,,,,,,0,0,1,0,,,0,,,,,0,1,,0,,,,,,0,0,,1150.0,1498.0,early_supplier_text,1555.0,,1495.0,4550.0,5.6,,,,2010,A类乘用车,1705.0
472,V2,,,,,,,,,,0,0,1,1,,,0,,,,,0,1,,0,,,,,,0,0,,1320.0,1584.0,early_supplier_text,1710.0,,1680.0,4295.0,9.1,,,,2010,SUV,1770.0
473,V2,,,,,,,,,,1,0,1,0,,,0,,,,,0,1,,0,,,,,,0,0,,1430.0,1587.0,early_supplier_text,2030.0,,1825.0,4420.0,8.38,,,,2010,MPV,1695.0
474,V2,,,,,,,,,,0,0,1,1,,,0,,,,,0,1,,0,,,,,,0,0,,915.0,1339.0,early_supplier_text,1290.0,,1435.0,4155.0,4.54,,,,2010,A类乘用车,1645.0
475,V2,,,,,,,,,,1,1,1,0,,,0,,,,,1,1,,1,,,,,,0,0,,1190.0,1591.0,early_supplier_text,1620.0,,1460.0,4530.0,10.6,,,,2010,A类乘用车,1775.0
476,V2,,,,,,,,,,1,1,1,1,,,1,,,,,0,1,,1,,,,,,0,1,,1600.0,2253.0,early_supplier_text,2150.0,,1458.0,4805.0,22.69,,,,2010,B类乘用车,1860.0
477,V2,,,,,,,,,,1,1,1,0,,,1,,,,,0,1,,1,,,,,,0,1,,1285.0,1595.0,early_supplier_text,1735.0,,1435.0,4600.0,9.78,,,,2010,A类乘用车,1785.0
478,V2,,,,,,,,,,1,1,1,0,,,1,,,,,1,1,,0,,,,,,0,0,,1215.0,1591.0,early_supplier_text,1590.0,,1485.0,4245.0,9.28,,,,2010,A类乘用车,1775.0
479,V2,,,,,,,,,,1,1,1,0,,,1,,,,,1,1,,0,,,,,,0,1,,1280.0,1997.0,early_supplier_text,1715.0,,1510.0,4665.0,15.48,,,,2010,B类乘用车,1700.0
480,V2,,,,,,,,,,1,1,1,1,,,1,,,,,0,1,,1,,,,,,1,1,,1280.0,1498.0,early_supplier_text,1655.0,,1492.0,4521.0,12.47,,,,2010,A类乘用车,1788.0
481,V2,,,,,,,,,,1,1,1,1,,,0,,,,,0,1,,1,,,,,,1,1,,1275.0,1598.0,early_supplier_text,1720.0,,1479.0,4199.0,12.58,,,,2010,A类乘用车,1786.0
482,V2,,,,,,,,,,1,1,1,1,,,1,,,,,1,1,,1,,,,,,1,1,,1815.0,2672.0,early_supplier_text,2540.0,,1730.0,4785.0,26.28,,,,2010,MPV,1910.0
483,V2,,,,,,,,,,1,1,1,1,,,1,,,,,0,1,,1,,,,,,0,1,,1555.0,1998.0,early_supplier_text,1990.0,,1484.0,4830.0,19.99,,,,2010,B类乘用车,1856.0
484,V2,,,,,,,,,,1,1,1,0,,,1,,,,,1,1,,1,,,,,,1,1,,1430.0,1999.0,early_supplier_text,1805.0,,1452.0,4468.0,23.2,,,,2010,A类乘用车,1770.0
485,V2,,,,,,,,,,1,0,1,1,,,0,,,,,0,1,,1,,,,,,0,1,,1200.0,1497.0,early_supplier_text,1575.0,,1492.0,4269.0,6.0,,,,2010,A类乘用车,1686.0
486,V2,,,,,,,,,,1,1,0,0,,,0,,,,,0,1,,0,,,,,,0,0,,1220.0,1597.0,early_supplier_text,1595.0,,1465.0,4477.0,8.86,,,,2010,A类乘用车,1725.0
487,V2,,,,,,,,,,1,1,1,1,,,1,,,,,0,1,,1,,,,,,0,1,,1365.0,1798.0,early_supplier_text,1850.0,,1490.0,4570.0,14.78,,,,2010,B类乘用车,1760.0
488,V2,,,,,,,,,,1,1,1,1,,,1,,,,,1,1,,1,,,,,,1,1,,1530.0,1798.0,early_supplier_text,1905.0,,1462.0,4838.0,21.29,,,,2010,B类乘用车,1817.0
489,V2,,,,,,,,,,1,1,1,1,,,0,,,,,0,1,,1,,,,,,0,0,,1185.0,1497.0,early_supplier_text,1560.0,,1634.0,3968.0,6.09,,,,2010,小型乘用车,1695.0
490,V2,,,,,,,,,,1,1,1,0,,,0,,,,,0,1,,1,,,,,,0,0,,890.0,996.0,early_supplier_text,1265.0,,1470.0,3500.0,4.99,,,,2010,小型乘用车,1600.0
491,V1,,,,,,,,,,1,1,1,1,,,1,,,,,0,1,,1,,,,,,0,1,,1585.0,2354.0,early_supplier_text,2030.0,,1450.0,4730.0,24.98,,,,2009,B类乘用车,1840.0
492,V1,,,,,,,,,,1,1,1,1,,,1,,,,,1,1,,0,,,,,,1,1,,1624.0,1497.0,early_supplier_text,2100.0,,1730.0,4681.0,19.99,,,,2009,SUV,1840.0
493,V1,,,,,,,,,,1,1,1,1,,,1,,,,,0,1,,1,,,,,,0,1,,985.0,1342.0,early_supplier_text,1360.0,,1465.0,3598.0,5.08,,,,2009,小型乘用车,1630.0
494,V1,,,,,,,,,,1,1,1,1,,,1,,,,,0,1,,0,,,,,,0,1,,1705.0,2354.0,early_supplier_text,2280.0,,1570.0,4810.0,25.68,,,,2009,MPV,1802.0
495,V1,,,,,,,,,,1,1,1,1,,,0,,,,,0,1,,1,,,,,,0,1,,1353.0,1595.0,early_supplier_text,1850.0,,1461.0,4544.0,13.48,,,,2009,A类乘用车,1760.0
496,V1,,,,,,,,,,1,1,1,1,,,0,,,,,0,1,,0,,,,,,0,1,,1028.0,1297.0,early_supplier_text,1403.0,,1527.0,3601.0,5.3,,,,2009,小型乘用车,1587.0
497,V1,,,,,,,,,,1,1,1,0,,,0,,,,,0,1,,0,,,,,,0,0,,1960.0,2351.0,early_supplier_text,2550.0,,1860.0,4980.0,16.68,,,,2009,SUV,1870.0
498,V1,,,,,,,,,,0,0,1,0,,,0,,,,,0,1,,0,,,,,,0,0,,1290.0,1584.0,early_supplier_text,1815.0,,1728.0,4288.0,8.68,,,,2009,MPV,1725.0
499,V1,,,,,,,,,,1,1,1,0,,,1,,,,,0,1,,0,,,,,,0,1,,1290.0,1587.0,early_supplier_text,1723.0,,1526.0,4481.0,10.48,,,,2009,A类乘用车,1746.0
500,V1,,,,,,,,,,1,1,1,1,,,1,,,,,1,1,,0,,,,,,1,1,,1541.0,2359.0,early_supplier_text,1916.0,,1475.0,4815.0,21.48,,,,2009,B类乘用车,1832.0
501,V1,,,,,,,,,,0,0,1,1,,,0,,,,,0,1,,0,,,,,,0,0,,870.0,998.0,early_supplier_text,1245.0,,1465.0,3460.0,4.19,,,,2009,小型乘用车,1618.0
502,V1,,,,,,,,,,1,1,1,1,,,1,,,,,0,1,,1,,,,,,0,1,,1458.0,2488.0,early_supplier_text,1913.0,,1440.0,4755.0,22.98,,,,2009,B类乘用车,1795.0
503,V1,,,,,,,,,,1,1,1,0,,,0,,,,,0,1,,1,,,,,,0,1,,1360.0,1598.0,early_supplier_text,1770.0,,1477.0,4598.0,11.99,,,,2009,A类乘用车,1797.0
504,V1,,,,,,,,,,1,0,1,1,,,1,,,,,0,1,,1,,,,,,0,1,,1115.0,1598.0,early_supplier_text,1535.0,,1490.0,4300.0,10.29,,,,2009,A类乘用车,1700.0
505,V1,,,,,,,,,,1,1,1,0,,,1,,,,,0,1,,0,,,,,,0,1,,1481.0,1975.0,early_supplier_text,2020.0,,1730.0,4350.0,15.68,,,,2009,SUV,1840.0
506,V1,,,,,,,,,,0,0,1,0,,,0,,,,,0,1,,0,,,,,,0,0,,1500.0,1834.0,early_supplier_text,1875.0,,1620.0,4320.0,8.28,,,,2009,A类乘用车,1804.0
507,V1,,,,,,,,,,1,1,1,0,,,0,,,,,0,1,,0,,,,,,0,0,,1240.0,1590.0,early_supplier_text,1615.0,,1475.0,4600.0,7.38,,,,2009,A类乘用车,1800.0
508,V1,,,,,,,,,,1,1,1,1,,,1,,,,,0,1,,0,,,,,,0,1,,1419.0,1997.0,early_supplier_text,1930.0,,1606.0,4315.0,18.68,,,,2009,SUV,1783.0
509,V1,,,,,,,,,,1,1,1,1,,,0,,,,,0,1,,1,,,,,,0,1,,1100.0,1390.0,early_supplier_text,1475.0,,1500.0,3992.0,9.64,,,,2009,小型乘用车,1642.0
510,V1,,,,,,,,,,1,1,1,1,,,0,,,,,1,1,,0,,,,,,1,1,,1120.0,1497.0,early_supplier_text,1510.0,,1525.0,3900.0,11.0,,,,2009,小型乘用车,1695.0
511,V1,,,,,,,,,,1,1,1,0,,,0,,,,,0,1,,0,,,,,,0,1,,1304.0,1997.0,early_supplier_text,1730.0,,1483.0,4282.0,13.48,,,,2009,A类乘用车,1773.0
512,V1,,,,,,,,,,1,1,1,0,,,0,,,,,0,1,,0,,,,,,0,0,,1290.0,1839.0,early_supplier_text,1665.0,,1474.0,4466.0,9.33,,,,2009,A类乘用车,1730.0
513,V1,,,,,,,,,,1,1,1,0,,,0,,,,,0,1,,1,,,,,,0,0,,1015.0,1342.0,early_supplier_text,1315.0,,1581.0,3548.0,4.98,,,,2009,小型乘用车,1580.0
514,V1,,,,,,,,,,1,1,1,1,,,1,,,,,0,1,,1,,,,,,0,1,,1532.0,1796.0,early_supplier_text,1907.0,,1480.0,4624.0,18.98,,,,2008,B类乘用车,1827.0
515,V1,,,,,,,,,,0,0,1,1,,,0,,,,,0,1,,0,,,,,,0,0,,1435.0,1991.0,early_supplier_text,1810.0,,1465.0,4846.0,9.9,,,,2008,B类乘用车,1822.0
516,V1,,,,,,,,,,1,1,1,1,,,1,,,,,0,1,,0,,,,,,0,1,,1395.0,1845.0,early_supplier_text,1770.0,,1464.0,4352.0,9.53,,,,2008,A类乘用车,1794.0
517,V1,,,,,,,,,,1,1,0,0,,,0,,,,,0,1,,0,,,,,,0,0,,1470.0,1997.0,early_supplier_text,1845.0,,1450.0,4865.0,11.87,,,,2008,B类乘用车,1805.0
518,V1,,,,,,,,,,1,1,1,1,,,0,,,,,0,1,,0,,,,,,0,1,,1265.0,1595.0,early_supplier_text,1805.0,,1467.0,4540.0,11.88,,,,2008,A类乘用车,1775.0
519,V1,,,,,,,,,,0,0,0,0,,,0,,,,,0,1,,0,,,,,,0,0,,1130.0,1299.0,early_supplier_text,1530.0,,1670.0,3900.0,5.6,,,,2008,SUV,1555.0
520,V1,,,,,,,,,,1,1,1,1,,,1,,,,,0,1,,1,,,,,,0,1,,1570.0,1796.0,early_supplier_text,1990.0,,1448.0,4581.0,38.8,,,,2008,B类乘用车,1770.0
521,V1,,,,,,,,,,1,1,1,1,,,1,,,,,0,1,,1,,,,,,0,1,,1730.0,2995.0,early_supplier_text,2115.0,,1485.0,4965.0,39.18,,,,2008,B类乘用车,1795.0
522,V1,,,,,,,,,,1,1,1,1,,,0,,,,,0,1,,0,,,,,,0,1,,1586.0,2260.0,early_supplier_text,1961.0,,1495.0,4854.0,19.5,,,,2008,B类乘用车,1886.0
523,V1,,,,,,,,,,1,1,1,1,,,0,,,,,0,1,,0,,,,,,0,1,,1245.0,1598.0,early_supplier_text,1620.0,,1465.0,4608.0,13.38,,,,2008,A类乘用车,1743.0
524,V1,,,,,,,,,,1,1,1,1,,,1,,,,,0,1,,1,,,,,,0,1,,1105.0,1598.0,early_supplier_text,1510.0,,1545.0,3750.0,10.59,,,,2008,小型乘用车,1695.0
525,V1,,,,,,,,,,0,0,0,0,,,0,,,,,0,0,,0,,,,,,0,0,,875.0,1075.0,early_supplier_text,1225.0,,1600.0,3010.0,4.8,,,,2008,小型乘用车,1605.0
526,V1,,,,,,,,,,1,1,1,0,,,0,,,,,0,1,,0,,,,,,0,0,,1236.0,1599.0,early_supplier_text,1611.0,,1490.0,4542.0,10.98,,,,2008,A类乘用车,1775.0
527,V1,,,,,,,,,,0,0,1,0,,,0,,,,,0,0,,0,,,,,,0,0,,1930.0,2351.0,early_supplier_text,2550.0,,1950.0,4790.0,12.58,,,,2008,MPV,1825.0
528,V1,,,,,,,,,,1,1,1,1,,,0,,,,,0,1,,0,,,,,,0,1,,1495.0,1998.0,early_supplier_text,1870.0,,1450.0,4820.0,12.78,,,,2008,B类乘用车,1807.0
529,V1,,,,,,,,,,0,0,1,0,,,0,,,,,0,1,,0,,,,,,0,0,,1135.0,1342.0,early_supplier_text,1560.0,,1473.0,4370.0,5.48,,,,2008,A类乘用车,1700.0
530,V1,,,,,,,,,,1,1,1,1,,,0,,,,,0,1,,0,,,,,,0,0,,1200.0,1792.0,early_supplier_text,1610.0,,1485.0,4602.0,6.7,,,,2008,B类乘用车,1725.0
531,V1,,,,,,,,,,1,1,1,1,,,1,,,,,0,1,,1,,,,,,0,1,,1465.0,1995.0,early_supplier_text,1910.0,,1421.0,4520.0,32.48,,,,2008,B类乘用车,1817.0
532,V1,,,,,,,,,,0,0,1,0,,,0,,,,,0,1,,1,,,,,,0,0,,1136.0,1399.0,early_supplier_text,1476.0,,1480.0,4290.0,7.3,,,,2008,A类乘用车,1695.0
533,V1,,,,,,,,,,1,1,0,0,,,0,,,,,0,1,,0,,,,,,0,0,,1092.0,1598.0,early_supplier_text,1540.0,,1565.0,4178.0,7.98,,,,2008,A类乘用车,1690.0
534,V1,,,,,,,,,,1,1,1,0,,,0,,,,,0,1,,1,,,,,,0,0,,1680.0,2665.0,early_supplier_text,2070.0,,1730.0,4500.0,19.4,,,,2008,SUV,1845.0
535,V1,,,,,,,,,,1,1,1,0,,,0,,,,,0,1,,1,,,,,,0,0,,1203.0,1598.0,early_supplier_text,1698.0,,1465.0,4532.0,11.2,,,,2008,A类乘用车,1755.0
536,V1,,,,,,,,,,1,1,1,1,,,1,,,,,0,1,,0,,,,,,0,1,,1535.0,2354.0,early_supplier_text,2000.0,,1480.0,4945.0,26.48,,,,2008,B类乘用车,1845.0
537,V1,,,,,,,,,,1,1,0,0,,,0,,,,,0,1,,0,,,,,,0,0,,1140.0,1495.0,early_supplier_text,1580.0,,1700.0,4120.0,7.83,,,,2008,A类乘用车,1640.0
538,V1,,,,,,,,,,1,1,1,0,,,1,,,,,0,1,,1,,,,,,0,1,,1181.0,1586.0,early_supplier_text,1506.0,,1605.0,4135.0,10.1,,,,2008,A类乘用车,1755.0
539,V1,,,,,,,,,,1,1,1,1,,,1,,,,,0,1,,1,,,,,,0,1,,1310.0,1798.0,early_supplier_text,1785.0,,1490.0,4540.0,15.0,,,,2008,B类乘用车,1760.0
540,V1,,,,,,,,,,0,0,1,0,,,0,,,,,0,1,,0,,,,,,0,0,,1695.0,2351.0,early_supplier_text,2180.0,,1820.0,4580.0,14.38,,,,2008,SUV,1840.0
541,V1,,,,,,,,,,1,1,1,1,,,0,,,,,0,1,,0,,,,,,0,1,,1684.0,1984.0,early_supplier_text,2010.0,,1487.0,4990.0,22.59,,,,2008,B类乘用车,1854.0
542,V1,,,,,,,,,,1,0,1,0,,,0,,,,,0,1,,0,,,,,,0,0,,1130.0,1584.0,early_supplier_text,1130.0,,1415.0,4400.0,8.88,,,,2007,A类乘用车,1700.0
543,V1,,,,,,,,,,0,0,1,0,,,0,,,,,0,0,,0,,,,,,0,0,,900.0,1302.0,early_supplier_text,1270.0,,1533.0,3588.0,3.85,,,,2007,小型乘用车,1563.0
544,V1,,,,,,,,,,0,0,0,0,,,0,,,,,0,1,,0,,,,,,0,0,,1000.0,1301.0,early_supplier_text,1365.0,,1550.0,3525.0,3.88,,,,2007,小型乘用车,1650.0
545,V1,,,,,,,,,,1,1,1,1,,,1,,,,,1,1,,0,,,,,,1,1,,1619.0,1498.0,early_supplier_text,2080.0,,1680.0,4703.0,21.19,,,,2007,SUV,1866.0
546,V1,,,,,,,,,,1,1,1,0,,,0,,,,,0,1,,0,,,,,,0,0,,1200.0,1586.0,early_supplier_text,1640.0,,1550.0,4230.0,7.68,,,,2007,A类乘用车,1690.0
547,V1,,,,,,,,,,1,1,1,1,,,0,,,,,0,1,,0,,,,,,0,1,,1415.0,1834.0,early_supplier_text,1805.0,,1450.0,4648.0,10.28,,,,2007,B类乘用车,1800.0
548,V1,,,,,,,,,,1,1,0,0,,,0,,,,,0,1,,0,,,,,,0,0,,1206.0,1675.0,early_supplier_text,1606.0,,1480.0,4316.0,7.35,,,,2007,A类乘用车,1705.0
549,V1,,,,,,,,,,1,1,1,1,,,1,,,,,0,1,,1,,,,,,0,1,,1730.0,1984.0,early_supplier_text,2185.0,,1485.0,5012.0,34.43,,,,2007,B类乘用车,1855.0
550,V1,,,,,,,,,,1,1,1,1,,,1,,,,,0,1,,1,,,,,,0,1,,1595.0,1987.0,early_supplier_text,2000.0,,1450.0,4915.0,19.98,,,,2007,B类乘用车,1840.0
551,V1,,,,,,,,,,0,1,1,0,,,0,,,,,0,1,,0,,,,,,0,0,,1420.0,1590.0,early_supplier_text,1945.0,,1640.0,4410.0,9.5,,,,2007,MPV,1768.0
552,V1,,,,,,,,,,0,0,1,0,,,0,,,,,0,0,,0,,,,,,0,0,,990.0,1083.0,early_supplier_text,1365.0,,1535.0,3998.0,3.98,,,,2007,小型乘用车,1640.0
553,V1,,,,,,,,,,1,1,1,0,,,0,,,,,0,1,,1,,,,,,0,1,,1420.0,1798.0,early_supplier_text,1795.0,,1462.0,4572.0,18.59,,,,2007,B类乘用车,1769.0
554,V1,,,,,,,,,,1,1,1,0,,,1,,,,,0,1,,0,,,,,,0,1,,1875.0,2792.0,early_supplier_text,2250.0,,1480.0,5175.0,36.3,,,,2007,B类乘用车,1889.0
555,V1,,,,,,,,,,1,1,1,0,,,1,,,,,0,1,,0,,,,,,0,1,,1424.0,1997.0,early_supplier_text,1861.0,,1512.0,4802.0,17.8,,,,2007,B类乘用车,1773.0
556,V1,,,,,,,,,,1,1,1,0,,,1,,,,,0,1,,1,,,,,,0,1,,1460.0,1999.0,early_supplier_text,1880.0,,1465.0,4705.0,16.0,,,,2007,B类乘用车,1782.0
557,V1,,,,,,,,,,1,1,1,1,,,1,,,,,0,1,,0,,,,,,0,1,,1545.0,2349.0,early_supplier_text,1995.0,,1475.0,4845.0,25.28,,,,2007,B类乘用车,1765.0
558,V1,,,,,,,,,,1,1,1,0,,,0,,,,,0,1,,0,,,,,,0,0,,840.0,796.0,early_supplier_text,1215.0,,1523.0,3495.0,4.7,,,,2007,小型乘用车,1495.0
559,V1,,,,,,,,,,1,1,1,0,,,0,,,,,0,1,,0,,,,,,0,0,,1235.0,1599.0,early_supplier_text,1720.0,,1470.0,4480.0,9.48,,,,2007,A类乘用车,1735.0
560,V1,,,,,,,,,,1,1,1,0,,,0,,,,,0,1,,0,,,,,,0,1,,1370.0,1999.0,early_supplier_text,1745.0,,1500.0,4480.0,15.88,,,,2007,A类乘用车,1840.0
561,V1,,,,,,,,,,1,1,1,1,,,0,,,,,0,1,,0,,,,,,0,0,,1210.0,1799.0,early_supplier_text,1680.0,,1450.0,4500.0,13.1,,,,2007,A类乘用车,1755.0
562,V1,,,,,,,,,,1,1,1,0,,,0,,,,,0,1,,0,,,,,,0,0,,1180.0,1598.0,early_supplier_text,1555.0,,1410.0,4466.0,8.78,,,,2007,A类乘用车,1695.0
563,V1,,,,,,,,,,0,0,0,0,,,0,,,,,0,1,,0,,,,,,0,0,,995.0,1342.0,early_supplier_text,1370.0,,1500.0,3855.0,5.68,,,,2007,小型乘用车,1680.0
564,V1,,,,,,,,,,1,1,1,0,,,0,,,,,0,1,,0,,,,,,0,1,,1693.0,2354.0,early_supplier_text,2240.0,,1582.0,4770.0,23.48,,,,2007,MPV,1800.0
565,V1,,,,,,,,,,0,0,0,0,,,0,,,,,0,1,,0,,,,,,0,0,,1840.0,2351.0,early_supplier_text,2500.0,,1890.0,4800.0,14.38,,,,2007,SUV,1830.0
566,V1,,,,,,,,,,0,0,1,0,,,0,,,,,0,1,,0,,,,,,0,0,,1720.0,2351.0,early_supplier_text,2195.0,,1710.0,4620.0,12.18,,,,2007,SUV,1800.0
567,V1,,,,,,,,,,1,1,1,0,,,0,,,,,0,1,,0,,,,,,0,0,,1070.0,1497.0,early_supplier_text,1490.0,,1495.0,4390.0,10.0,,,,2006,A类乘用车,1690.0
568,V1,,,,,,,,,,0,0,1,0,,,0,,,,,0,1,,0,,,,,,0,0,,1200.0,1584.0,early_supplier_text,1575.0,,1490.0,4533.0,8.38,,,,2006,A类乘用车,1705.0
569,V1,,,,,,,,,,0,0,1,0,,,0,,,,,0,1,,0,,,,,,0,1,,1290.0,1971.0,early_supplier_text,1665.0,,1483.0,4552.0,9.58,,,,2006,B类乘用车,1750.0
570,V1,,,,,,,,,,0,1,0,0,,,0,,,,,0,1,,0,,,,,,0,0,,1042.0,1342.0,early_supplier_text,1367.0,,1440.0,4152.0,5.05,,,,2006,A类乘用车,1680.0
571,V1,,,,,,,,,,1,1,1,0,,,0,,,,,1,1,,1,,,,,,1,1,,1353.0,1595.0,early_supplier_text,1850.0,,1461.0,4544.0,14.38,,,,2006,A类乘用车,1760.0
572,V1,,,,,,,,,,1,1,1,1,,,1,,,,,0,1,,1,,,,,,0,1,,1650.0,2995.0,early_supplier_text,2035.0,,1480.0,4855.0,40.4,,,,2006,B类乘用车,1780.0
573,V1,,,,,,,,,,1,1,1,0,,,0,,,,,0,1,,1,,,,,,0,1,,1458.0,1781.0,early_supplier_text,1833.0,,1470.0,4789.0,22.3,,,,2006,B类乘用车,1765.0
574,V1,,,,,,,,,,1,1,1,0,,,0,,,,,0,1,,0,,,,,,0,0,,1595.0,2384.0,early_supplier_text,1970.0,,1461.0,4998.0,23.48,,,,2006,B类乘用车,1851.0
575,V1,,,,,,,,,,1,1,1,0,,,0,,,,,0,1,,1,,,,,,0,0,,1040.0,1301.0,early_supplier_text,1365.0,,1510.0,3695.0,7.6,,,,2006,小型乘用车,1690.0
576,V1,,,,,,,,,,1,1,1,0,,,0,,,,,0,1,,1,,,,,,0,0,,1293.0,1587.0,early_supplier_text,1723.0,,1536.0,4469.0,12.0,,,,2006,A类乘用车,1746.0
577,V1,,,,,,,,,,1,1,1,0,,,0,,,,,0,1,,0,,,,,,0,0,,1119.0,1598.0,early_supplier_text,1600.0,,1540.0,4205.0,11.03,,,,2006,A类乘用车,1695.0
578,V1,,,,,,,,,,1,1,1,0,,,0,,,,,0,1,,0,,,,,,0,0,,1130.0,1399.0,early_supplier_text,1455.0,,1480.0,4310.0,7.0,,,,2006,A类乘用车,1695.0
