fold,train,test,model,scope,n_shared_item,n_new_item,stratum,level,n,MAE,RMSE,MAE_const1,RMSE_const1,MAE_mean,RMSE_mean,MAE_partial,n_partial,full_score_rate,skill_MAE,skill_RMSE
F1,V1+V2,V3,B0_mean,全部 item,13,7,总体,B0_mean,2475,0.22394488423663153,0.29918749231604974,0.19096929292929293,0.3530701129329197,0.23615169929599017,0.2969667217122999,0.3174576408867398,1054,0.5741414141414142,-0.17267483584152932,-0.007478180016080582
F1,V1+V2,V3,B0_mean,共有 item 子集,13,7,总体,B0_mean,1612,0.1582003777671051,0.18839621280778804,0.10168827543424316,0.20745054232854382,0.1350524936272005,0.1808182019366868,0.16465318518209004,579,0.640818858560794,-0.5557386246500517,-0.04190955772115612
F1,V1+V2,V3,B1_item,全部 item,13,7,总体,B1_item,2475,0.1780448791326841,0.2878658799550849,0.19096929292929293,0.3530701129329197,0.23615169929599017,0.2969667217122999,0.3149440603991297,1054,0.5741414141414142,0.0676779685276111,0.030645998665237095
F1,V1+V2,V3,B1_item,共有 item 子集,13,7,总体,B1_item,1612,0.117227140645654,0.1676985938508119,0.10168827543424316,0.20745054232854382,0.1350524936272005,0.1808182019366868,0.16880792681637824,579,0.640818858560794,-0.15280881837217364,0.07255689939040932
F1,V1+V2,V3,B2_gbdt,全部 item,13,7,总体,B2_gbdt,2475,0.15619286536942467,0.29419985328265563,0.19096929292929293,0.3530701129329197,0.23615169929599017,0.2969667217122999,0.33169291617619856,1054,0.5741414141414142,0.18210481395427458,0.009317099282002306
F1,V1+V2,V3,B2_gbdt,共有 item 子集,13,7,总体,B2_gbdt,1612,0.07605318906731093,0.13889450364370087,0.10168827543424316,0.20745054232854382,0.1350524936272005,0.1808182019366868,0.15988741172622542,579,0.640818858560794,0.25209480893900293,0.23185552031794587
F2,V1+V2+V3,V4,B0_mean,全部 item,20,1,总体,B0_mean,2108,0.19662754576634822,0.25176900613097064,0.1465163662239089,0.29002565012030224,0.18570083674193186,0.25029548968418386,0.23027102877323075,854,0.594876660341556,-0.34201762461033547,-0.005887107469040087
F2,V1+V2+V3,V4,B0_mean,共有 item 子集,20,1,总体,B0_mean,2102,0.19575792592444352,0.25019560674996066,0.14500784966698385,0.2877515961544586,0.1841549482573346,0.24854316450949934,0.22835348159204877,848,0.5965746907706946,-0.3499815794386938,-0.006648512115480676
F2,V1+V2+V3,V4,B1_item,全部 item,20,1,总体,B1_item,2108,0.13421318311184932,0.2155629172587527,0.1465163662239089,0.29002565012030224,0.18570083674193186,0.25029548968418386,0.21646004067929647,854,0.594876660341556,0.08397139124551889,0.13876627369216987
F2,V1+V2+V3,V4,B1_item,共有 item 子集,20,1,总体,B1_item,2102,0.13327407144395717,0.2138914987852775,0.14500784966698385,0.2877515961544586,0.1841549482573346,0.24854316450949934,0.21471413079662596,848,0.5965746907706946,0.08091822787506853,0.13941910570184868
F2,V1+V2+V3,V4,B2_gbdt,全部 item,20,1,总体,B2_gbdt,2108,0.0897242546446784,0.16729975205278044,0.1465163662239089,0.29002565012030224,0.18570083674193186,0.25029548968418386,0.17648716498067207,854,0.594876660341556,0.38761616222750017,0.331591023618225
F2,V1+V2+V3,V4,B2_gbdt,共有 item 子集,20,1,总体,B2_gbdt,2102,0.0883199264625966,0.16366769809665963,0.14500784966698385,0.2877515961544586,0.1841549482573346,0.24854316450949934,0.1736200418949174,848,0.5965746907706946,0.3909300312677779,0.3414918554704238
F3,V1+V2+V3+V4,V5,B0_mean,全部 item,21,2,总体,B0_mean,2226,0.17292239976888887,0.21637883670471741,0.10531116352201257,0.23304783016942177,0.14303781651381325,0.20789624812467294,0.18666523278033526,794,0.6433063791554358,-0.6420139516618666,-0.040802028206673446
F3,V1+V2+V3+V4,V5,B0_mean,共有 item 子集,21,2,总体,B0_mean,2022,0.16999955905073538,0.21309305047640056,0.10628815529179031,0.23070140126202768,0.1416397328692004,0.20475830774093481,0.1779322254862553,752,0.6280909990108803,-0.5994214838336378,-0.04070527260857748
F3,V1+V2+V3+V4,V5,B1_item,全部 item,21,2,总体,B1_item,2226,0.1453741108589686,0.22709242420491166,0.10531116352201257,0.23304783016942177,0.14303781651381325,0.20789624812467294,0.22652836254406267,794,0.6433063791554358,-0.3804245057892832,-0.09233536561336586
F3,V1+V2+V3+V4,V5,B1_item,共有 item 子集,21,2,总体,B1_item,2022,0.142647748925902,0.22625161601824556,0.10628815529179031,0.23070140126202768,0.1416397328692004,0.20475830774093481,0.21950533726804758,752,0.6280909990108803,-0.342085094376646,-0.10496916347103524
F3,V1+V2+V3+V4,V5,B2_gbdt,全部 item,21,2,总体,B2_gbdt,2226,0.09706851439957734,0.1761466359857875,0.10531116352201257,0.23304783016942177,0.14303781651381325,0.20789624812467294,0.1807045632987506,794,0.6433063791554358,0.07826947159986819,0.15271854314487465
F3,V1+V2+V3+V4,V5,B2_gbdt,共有 item 子集,21,2,总体,B2_gbdt,2022,0.09595289683231376,0.16927412382598708,0.10628815529179031,0.23070140126202768,0.1416397328692004,0.20475830774093481,0.1689955095466629,752,0.6280909990108803,0.09723810175370362,0.17329789597520595
F4,V1+V2+V3+V4+V5,V6,B0_mean,全部 item,16,19,总体,B0_mean,1478,0.14785311476356117,0.1800556671553155,0.08312974740640505,0.18651421353270062,0.1133836556062362,0.16696405884461823,0.1428141279683291,513,0.6529093369418133,-0.7785825095887307,-0.0784097392054941
F4,V1+V2+V3+V4+V5,V6,B0_mean,共有 item 子集,16,19,总体,B0_mean,561,0.14363125327656676,0.16908335927311308,0.06829001782531194,0.16275437452193092,0.09710188007791029,0.14773442351545402,0.12802462258496822,172,0.6934046345811051,-1.103254001836405,-0.14450887782038024
F4,V1+V2+V3+V4+V5,V6,B1_item,全部 item,16,19,总体,B1_item,1478,0.14271930244270933,0.19355147119073168,0.08312974740640505,0.18651421353270062,0.1133836556062362,0.16696405884461823,0.16569399198922286,513,0.6529093369418133,-0.7168258883908623,-0.1592403330998109
F4,V1+V2+V3+V4+V5,V6,B1_item,共有 item 子集,16,19,总体,B1_item,561,0.12455163834543977,0.1956098210706085,0.06829001782531194,0.16275437452193092,0.09710188007791029,0.14773442351545402,0.19295941797925312,172,0.6934046345811051,-0.8238630229098323,-0.3240639277963975
F4,V1+V2+V3+V4+V5,V6,B2_gbdt,全部 item,16,19,总体,B2_gbdt,1478,0.14488008537124475,0.21599457054080884,0.08312974740640505,0.18651421353270062,0.1133836556062362,0.16696405884461823,0.19340730655751168,513,0.6529093369418133,-0.7428187849886563,-0.29365907869920593
F4,V1+V2+V3+V4+V5,V6,B2_gbdt,共有 item 子集,16,19,总体,B2_gbdt,561,0.1587140948924884,0.24268792605749082,0.06829001782531194,0.16275437452193092,0.09710188007791029,0.14773442351545402,0.21209488409185734,172,0.6934046345811051,-1.3241185160982698,-0.6427310594412956
F5,V1+V2+V3+V4+V5+V6,V7,B0_mean,全部 item,31,11,总体,B0_mean,546,0.14386868233724637,0.1743468449285709,0.060513400488400496,0.16604433335864519,0.09265132677660143,0.15462486540607673,0.15224967482083746,137,0.7490842490842491,-1.3774681504607202,-0.12754727042575054
F5,V1+V2+V3+V4+V5+V6,V7,B0_mean,共有 item 子集,31,11,总体,B0_mean,403,0.13769256445719433,0.15465736247392786,0.05416827956989247,0.1389341402762414,0.08294544945169294,0.1279394107487458,0.1273479886804157,99,0.7543424317617866,-1.5419408840469409,-0.20883284961857607
F5,V1+V2+V3+V4+V5+V6,V7,B1_item,全部 item,31,11,总体,B1_item,546,0.09945721586093359,0.1653454862718797,0.060513400488400496,0.16604433335864519,0.09265132677660143,0.15462486540607673,0.18524521797634416,137,0.7490842490842491,-0.6435568825783975,-0.06933309747852268
F5,V1+V2+V3+V4+V5+V6,V7,B1_item,共有 item 子集,31,11,总体,B1_item,403,0.08440750003615488,0.13949435010680322,0.05416827956989247,0.1389341402762414,0.08294544945169294,0.1279394107487458,0.1570184226175929,99,0.7543424317617866,-0.5582459089778773,-0.0903157149969187
F5,V1+V2+V3+V4+V5+V6,V7,B2_gbdt,全部 item,31,11,总体,B2_gbdt,546,0.08512212876139598,0.15187694609725716,0.060513400488400496,0.16604433335864519,0.09265132677660143,0.15462486540607673,0.1739366609321802,137,0.7490842490842491,-0.4066657645146319,0.017771522721154676
F5,V1+V2+V3+V4+V5+V6,V7,B2_gbdt,共有 item 子集,31,11,总体,B2_gbdt,403,0.06817046695415746,0.11860976297525579,0.05416827956989247,0.1389341402762414,0.08294544945169294,0.1279394107487458,0.142209832717048,99,0.7543424317617866,-0.2584942238418,0.07292239130139544
