version,item_id,scenario,region,n_5star,n_below,p5_full,pb_full,lift,star5_y_p05,star5_y_mean,class
V4,occ.side_mdb.row1.chest,side_mdb,chest,78,27,0.9615,0.4074,0.5541,1.0,0.9962,A 强准则
V5,occ.side_mdb.row2_adult.head,side_mdb,head,83,19,0.988,0.5789,0.409,1.0,0.9912,A 强准则
V1,occ.frontal_frb100.row1.thigh,frontal_frb100,thigh,35,53,0.9143,0.5472,0.3671,0.8975,0.9797,A 强准则
V3,occ.frontal_odb40.row1.headneck,frontal_odb40,headneck,105,19,0.9905,0.6316,0.3589,1.0,0.9979,A 强准则
V3,occ.frontal_odb40.row1.thigh,frontal_odb40,thigh,105,19,0.9619,0.6316,0.3303,1.0,0.9938,A 强准则
V1,occ.frontal_odb40.row1.thigh,frontal_odb40,thigh,35,53,0.9714,0.6604,0.3111,1.0,0.997,A 强准则
V1,occ.frontal_frb100.row1.head,frontal_frb100,head,35,53,0.9714,0.6792,0.2922,1.0,0.9918,A 强准则
V5,occ.side_mdb.row1.chest,side_mdb,chest,83,19,0.9157,0.6316,0.2841,0.8613,0.9786,A 强准则
V5,occ.side_mdb.row2_adult.abdomen,side_mdb,abdomen,83,19,0.9157,0.6316,0.2841,0.8608,0.976,A 强准则
V4,occ.frontal_odb40.row1.headneck,frontal_odb40,headneck,79,27,0.9873,0.7037,0.2836,1.0,0.9968,A 强准则
V4,occ.frontal_frb100.row1.thigh,frontal_frb100,thigh,79,27,0.9494,0.6667,0.2827,0.999,0.9957,A 强准则
V4,occ.frontal_odb40.row1.thigh,frontal_odb40,thigh,79,27,0.9747,0.7037,0.271,1.0,0.9985,A 强准则
V1,occ.frontal_frb100.row1.neck,frontal_frb100,neck,35,53,0.9429,0.6981,0.2447,0.964,0.9927,A 强准则
V5,occ.frontal_odb40.row1.thigh,frontal_odb40,thigh,83,19,0.9759,0.7368,0.2391,1.0,0.991,A 强准则
V2,occ.frontal_odb40.row1.headneck,frontal_odb40,headneck,51,32,1.0,0.7812,0.2188,1.0,1.0,A 强准则
V4,occ.frontal_frb100.row1.head,frontal_frb100,head,79,27,0.9873,0.7778,0.2096,1.0,0.9994,A 强准则
V3,occ.frontal_frb100.row1.head,frontal_frb100,head,105,19,0.9905,0.7895,0.201,1.0,0.9977,A 强准则
V2,occ.frontal_frb100.row1.head,frontal_frb100,head,52,32,0.9808,0.7812,0.1995,1.0,0.9965,B 行业基线
V1,occ.side_mdb.row1.pelvis,side_mdb,pelvis,35,53,0.9714,0.7736,0.1978,1.0,0.9964,B 行业基线
V3,occ.frontal_frb100.row1.thigh,frontal_frb100,thigh,105,19,0.9238,0.7368,0.187,0.961,0.9941,B 行业基线
V3,occ.side_mdb.row1.abdomen,side_mdb,abdomen,105,19,0.9238,0.7368,0.187,0.9375,0.992,B 行业基线
V4,occ.side_mdb.row1.abdomen,side_mdb,abdomen,78,27,1.0,0.8148,0.1852,1.0,1.0,B 行业基线
V2,occ.frontal_odb40.row1.thigh,frontal_odb40,thigh,51,32,0.902,0.7188,0.1832,0.895,0.9835,B 行业基线
V5,occ.frontal_frb100.row1.thigh,frontal_frb100,thigh,82,19,0.9146,0.7368,0.1778,0.9474,0.9842,B 行业基线
V2,occ.side_mdb.row1.pelvis,side_mdb,pelvis,52,32,0.9808,0.8125,0.1683,1.0,0.9991,B 行业基线
V3,occ.side_mdb.row1.pelvis,side_mdb,pelvis,105,19,0.9905,0.8421,0.1484,1.0,0.9997,B 行业基线
V5,occ.frontal_odb40.row1.headneck,frontal_odb40,headneck,83,19,0.9157,0.7895,0.1262,0.9318,0.9797,B 行业基线
V2,occ.side_mdb.row1.head,side_mdb,head,52,32,1.0,0.875,0.125,1.0,1.0,B 行业基线
V1,occ.frontal_odb40.row1.headneck,frontal_odb40,headneck,35,53,1.0,0.8868,0.1132,1.0,1.0,B 行业基线
V1,occ.side_mdb.row1.head,side_mdb,head,35,53,1.0,0.8868,0.1132,1.0,1.0,B 行业基线
V4,occ.side_mdb.row1.head,side_mdb,head,78,27,1.0,0.8889,0.1111,1.0,1.0,B 行业基线
V4,occ.frontal_frb100.row1.neck,frontal_frb100,neck,79,27,0.9747,0.8889,0.0858,1.0,0.9961,B 行业基线
V3,occ.side_mdb.row2_adult.pelvis,side_mdb,pelvis,105,19,0.9143,0.8421,0.0722,0.752,0.9719,B 行业基线
V2,occ.frontal_frb100.row1.neck,frontal_frb100,neck,52,32,0.9423,0.875,0.0673,0.9752,0.9819,B 行业基线
V4,occ.side_mdb.row2_adult.head,side_mdb,head,78,27,0.9872,0.9259,0.0613,1.0,0.9953,B 行业基线
V3,occ.side_mdb.row1.head,side_mdb,head,105,19,1.0,0.9474,0.0526,1.0,1.0,B 行业基线
V3,occ.side_mdb.row2_adult.head,side_mdb,head,105,19,0.981,0.9474,0.0336,1.0,0.9893,B 行业基线
V5,occ.frontal_frb100.row1.head,frontal_frb100,head,82,19,0.9756,0.9474,0.0282,1.0,0.9985,B 行业基线
V5,occ.frontal_frb100.row1.neck,frontal_frb100,neck,82,19,0.9756,0.9474,0.0282,1.0,0.9921,B 行业基线
V4,occ.frontal_frb100.row2_adult.head,frontal_frb100,head,75,25,0.9867,0.96,0.0267,1.0,0.9867,B 行业基线
V4,occ.side_mdb.row2_adult.pelvis,side_mdb,pelvis,78,27,0.9744,0.963,0.0114,1.0,0.9881,B 行业基线
V4,occ.side_mdb.row1.pelvis,side_mdb,pelvis,78,27,1.0,1.0,0.0,1.0,1.0,B 行业基线
V5,occ.frontal_frb100.row2_adult.head,frontal_frb100,head,76,18,1.0,1.0,0.0,1.0,1.0,B 行业基线
V5,occ.side_mdb.row1.head,side_mdb,head,83,19,1.0,1.0,0.0,1.0,1.0,B 行业基线
V5,occ.side_mdb.row1.pelvis,side_mdb,pelvis,83,19,1.0,1.0,0.0,1.0,1.0,B 行业基线
V3,occ.frontal_frb100.row1.neck,frontal_frb100,neck,105,19,0.9905,1.0,-0.0095,1.0,0.9992,B 行业基线
V3,occ.frontal_frb100.row2_adult.head,frontal_frb100,head,103,18,0.9903,1.0,-0.0097,1.0,0.9987,B 行业基线
V5,occ.side_mdb.row1.abdomen,side_mdb,abdomen,83,19,0.988,1.0,-0.012,1.0,0.9972,B 行业基线
V2,occ.side_mdb.row1.chest,side_mdb,chest,52,32,0.75,0.0938,0.6562,0.8221,0.9688,C 需建模
V5,occ.side_mdb.row2_adult.pelvis,side_mdb,pelvis,83,19,0.8072,0.2105,0.5967,0.64,0.937,C 需建模
V2,occ.side_mdb.row1.abdomen,side_mdb,abdomen,52,32,0.8654,0.3125,0.5529,0.8957,0.9862,C 需建模
V3,occ.side_mdb.row1.chest,side_mdb,chest,105,19,0.7619,0.2105,0.5514,0.821,0.9729,C 需建模
V1,occ.side_mdb.row1.abdomen,side_mdb,abdomen,35,53,0.7429,0.2264,0.5164,0.843,0.9751,C 需建模
V5,occ.frontal_odb40.row2_adult.headneck,frontal_odb40,headneck,82,19,0.4756,0.0,0.4756,0.3598,0.846,C 需建模
V1,occ.side_mdb.row1.chest,side_mdb,chest,35,53,0.5143,0.0566,0.4577,0.6313,0.9021,C 需建模
V1,occ.frontal_odb40.row1.chest,frontal_odb40,chest,35,53,0.4286,0.0755,0.3531,0.7692,0.935,C 需建模
V5,occ.frontal_frb100.row2_adult.neck,frontal_frb100,neck,76,18,0.4737,0.1667,0.307,0.045,0.7932,C 需建模
V2,occ.frontal_odb40.row1.chest,frontal_odb40,chest,51,32,0.3529,0.0625,0.2904,0.6387,0.8741,C 需建模
V5,occ.side_mdb.row2_adult.chest,side_mdb,chest,83,19,0.7711,0.5263,0.2448,0.3823,0.8927,C 需建模
V5,occ.frontal_frb100.row2_adult.chest,frontal_frb100,chest,82,19,0.2195,0.0,0.2195,0.5281,0.8074,C 需建模
V5,occ.frontal_odb40.row2_adult.chest,frontal_odb40,chest,82,19,0.3659,0.1579,0.208,0.6113,0.8842,C 需建模
V2,occ.frontal_frb100.row1.thigh,frontal_frb100,thigh,52,32,0.7885,0.5938,0.1947,0.7778,0.9649,C 需建模
V4,occ.frontal_frb100.row2_adult.neck,frontal_frb100,neck,75,25,0.2133,0.04,0.1733,0.0,0.594,C 需建模
V4,occ.frontal_odb40.row2_adult.chest,frontal_odb40,chest,79,27,0.1392,0.0,0.1392,0.394,0.7465,C 需建模
V2,occ.frontal_odb40.row1.leg,frontal_odb40,leg,51,32,0.2941,0.1562,0.1379,0.76,0.9375,C 需建模
V4,occ.frontal_odb40.row2_adult.headneck,frontal_odb40,headneck,79,27,0.1899,0.0741,0.1158,0.0,0.6023,C 需建模
V4,occ.frontal_odb40.row1.leg,frontal_odb40,leg,79,27,0.1013,0.0,0.1013,0.6148,0.8245,C 需建模
V4,occ.frontal_frb100.row1.chest,frontal_frb100,chest,79,27,0.0886,0.0,0.0886,0.6234,0.818,C 需建模
V1,occ.frontal_odb40.row1.leg,frontal_odb40,leg,35,53,0.2571,0.1698,0.0873,0.8505,0.9422,C 需建模
V2,occ.frontal_frb100.row1.chest,frontal_frb100,chest,52,32,0.0769,0.0,0.0769,0.4955,0.7365,C 需建模
V4,occ.frontal_frb100.row2_adult.chest,frontal_frb100,chest,79,27,0.1013,0.037,0.0642,0.32,0.6661,C 需建模
V4,occ.frontal_odb40.row1.chest,frontal_odb40,chest,79,27,0.0506,0.0,0.0506,0.6833,0.8286,C 需建模
V5,occ.frontal_frb100.row1.chest,frontal_frb100,chest,82,19,0.0488,0.0,0.0488,0.6285,0.8322,C 需建模
V5,occ.frontal_odb40.row1.leg,frontal_odb40,leg,83,19,0.0482,0.0,0.0482,0.5798,0.8002,C 需建模
V3,occ.frontal_odb40.row2_adult.chest,frontal_odb40,chest,105,19,0.0476,0.0,0.0476,0.062,0.441,C 需建模
V2,occ.frontal_frb100.row1.leg,frontal_frb100,leg,52,32,0.0385,0.0,0.0385,0.4985,0.7393,C 需建模
V5,occ.frontal_odb40.row1.chest,frontal_odb40,chest,83,19,0.0843,0.0526,0.0317,0.6387,0.8287,C 需建模
V1,occ.frontal_frb100.row1.chest,frontal_frb100,chest,35,53,0.0286,0.0,0.0286,0.4338,0.7019,C 需建模
V3,occ.frontal_frb100.row1.chest,frontal_frb100,chest,105,19,0.019,0.0,0.019,0.4712,0.703,C 需建模
V3,occ.frontal_frb100.row1.leg,frontal_frb100,leg,105,19,0.019,0.0,0.019,0.381,0.7652,C 需建模
V3,occ.frontal_odb40.row2_adult.headneck,frontal_odb40,headneck,105,19,0.1238,0.1053,0.0185,0.0,0.3723,C 需建模
V3,occ.frontal_odb40.row1.leg,frontal_odb40,leg,105,19,0.0667,0.0526,0.014,0.5515,0.808,C 需建模
V5,occ.frontal_frb100.row1.leg,frontal_frb100,leg,82,19,0.0122,0.0,0.0122,0.4642,0.7814,C 需建模
V3,occ.frontal_odb40.row1.chest,frontal_odb40,chest,105,19,0.0095,0.0,0.0095,0.462,0.7315,C 需建模
V1,occ.frontal_frb100.row1.leg,frontal_frb100,leg,35,53,0.0,0.0,0.0,0.2905,0.6823,C 需建模
V4,occ.frontal_frb100.row1.leg,frontal_frb100,leg,79,27,0.0,0.0,0.0,0.561,0.7851,C 需建模
V3,occ.frontal_frb100.row2_adult.chest,frontal_frb100,chest,105,19,0.0095,0.0526,-0.0431,0.0,0.3848,C 需建模
V3,occ.frontal_frb100.row2_adult.neck,frontal_frb100,neck,104,18,0.0962,0.1667,-0.0705,0.0,0.4212,C 需建模
